,filepath,composer,filename,measure_no,no_accs,mode,key_area,type,note_name,tpc,step,acc,octave,pitch,pitch_class,duration,onset
0,..\data\scores\Bach_JohannSebastian\Bach_BWV_778.musicxml,Bach_JohannSebastian,Bach_BWV_778,1,1,major,0,rest,,,,,,,,0.125,0
1,..\data\scores\Bach_JohannSebastian\Bach_BWV_778.musicxml,Bach_JohannSebastian,Bach_BWV_778,1,1,major,0,note,B4,B,B,0.0,4,71.0,11.0,0.0625,0.25
2,..\data\scores\Bach_JohannSebastian\Bach_BWV_778.musicxml,Bach_JohannSebastian,Bach_BWV_778,1,1,major,0,note,A4,A,A,0.0,4,69.0,9.0,0.0625,0.375
3,..\data\scores\Bach_JohannSebastian\Bach_BWV_778.musicxml,Bach_JohannSebastian,Bach_BWV_778,1,1,major,0,note,G4,G,G,0.0,4,67.0,7.0,0.0625,0.5
4,..\data\scores\Bach_JohannSebastian\Bach_BWV_778.musicxml,Bach_JohannSebastian,Bach_BWV_778,1,1,major,0,note,F#4,F#,F,1.0,4,66.0,6.0,0.0625,0.625
5,..\data\scores\Bach_JohannSebastian\Bach_BWV_778.musicxml,Bach_JohannSebastian,Bach_BWV_778,1,1,major,0,note,G4,G,G,0.0,4,67.0,7.0,0.0625,0.75
6,..\data\scores\Bach_JohannSebastian\Bach_BWV_778.musicxml,Bach_JohannSebastian,Bach_BWV_778,1,1,major,0,note,E4,E,E,0.0,4,64.0,4.0,0.0625,0.875
7,..\data\scores\Bach_JohannSebastian\Bach_BWV_778.musicxml,Bach_JohannSebastian,Bach_BWV_778,1,1,major,0,note,B4,B,B,0.0,4,71.0,11.0,0.125,1.0
8,..\data\scores\Bach_JohannSebastian\Bach_BWV_778.musicxml,Bach_JohannSebastian,Bach_BWV_778,1,1,major,0,note,B4,B,B,0.0,4,71.0,11.0,0.125,1.25
9,..\data\scores\Bach_JohannSebastian\Bach_BWV_778.musicxml,Bach_JohannSebastian,Bach_BWV_778,1,1,major,0,note,E5,E,E,0.0,5,76.0,4.0,0.1875,1.5
10,..\data\scores\Bach_JohannSebastian\Bach_BWV_778.musicxml,Bach_JohannSebastian,Bach_BWV_778,1,1,major,0,note,F#5,F#,F,1.0,5,78.0,6.0,0.0625,1.875
11,..\data\scores\Bach_JohannSebastian\Bach_BWV_778.musicxml,Bach_JohannSebastian,Bach_BWV_778,1,1,major,0,note,E3,E,E,0.0,3,52.0,4.0,0.125,0.0
12,..\data\scores\Bach_JohannSebastian\Bach_BWV_778.musicxml,Bach_JohannSebastian,Bach_BWV_778,1,1,major,0,note,E2,E,E,0.0,2,40.0,4.0,0.125,0.25
13,..\data\scores\Bach_JohannSebastian\Bach_BWV_778.musicxml,Bach_JohannSebastian,Bach_BWV_778,1,1,major,0,rest,,,,,,,,0.25,0.5
14,..\data\scores\Bach_JohannSebastian\Bach_BWV_778.musicxml,Bach_JohannSebastian,Bach_BWV_778,1,1,major,0,rest,,,,,,,,0.125,1.0
15,..\data\scores\Bach_JohannSebastian\Bach_BWV_778.musicxml,Bach_JohannSebastian,Bach_BWV_778,1,1,major,0,note,B3,B,B,0.0,3,59.0,11.0,0.0625,1.25
16,..\data\scores\Bach_JohannSebastian\Bach_BWV_778.musicxml,Bach_JohannSebastian,Bach_BWV_778,1,1,major,0,note,A3,A,A,0.0,3,57.0,9.0,0.0625,1.375
17,..\data\scores\Bach_JohannSebastian\Bach_BWV_778.musicxml,Bach_JohannSebastian,Bach_BWV_778,1,1,major,0,note,G3,G,G,0.0,3,55.0,7.0,0.0625,1.5
18,..\data\scores\Bach_JohannSebastian\Bach_BWV_778.musicxml,Bach_JohannSebastian,Bach_BWV_778,1,1,major,0,note,F#3,F#,F,1.0,3,54.0,6.0,0.0625,1.625
19,..\data\scores\Bach_JohannSebastian\Bach_BWV_778.musicxml,Bach_JohannSebastian,Bach_BWV_778,1,1,major,0,note,G3,G,G,0.0,3,55.0,7.0,0.0625,1.75
20,..\data\scores\Bach_JohannSebastian\Bach_BWV_778.musicxml,Bach_JohannSebastian,Bach_BWV_778,1,1,major,0,note,E3,E,E,0.0,3,52.0,4.0,0.0625,1.875
21,..\data\scores\Bach_JohannSebastian\Bach_BWV_778.musicxml,Bach_JohannSebastian,Bach_BWV_778,2,,,,note,D#5,D#,D,1.0,5,75.0,3.0,0.125,2.0
22,..\data\scores\Bach_JohannSebastian\Bach_BWV_778.musicxml,Bach_JohannSebastian,Bach_BWV_778,2,,,,note,F#5,F#,F,1.0,5,78.0,6.0,0.0625,2.25
23,..\data\scores\Bach_JohannSebastian\Bach_BWV_778.musicxml,Bach_JohannSebastian,Bach_BWV_778,2,,,,note,E5,E,E,0.0,5,76.0,4.0,0.0625,2.375
24,..\data\scores\Bach_JohannSebastian\Bach_BWV_778.musicxml,Bach_JohannSebastian,Bach_BWV_778,2,,,,note,D#5,D#,D,1.0,5,75.0,3.0,0.0625,2.5
25,..\data\scores\Bach_JohannSebastian\Bach_BWV_778.musicxml,Bach_JohannSebastian,Bach_BWV_778,2,,,,note,C#5,C#,C,1.0,5,73.0,1.0,0.0625,2.625
26,..\data\scores\Bach_JohannSebastian\Bach_BWV_778.musicxml,Bach_JohannSebastian,Bach_BWV_778,2,,,,note,D#5,D#,D,1.0,5,75.0,3.0,0.0625,2.75
27,..\data\scores\Bach_JohannSebastian\Bach_BWV_778.musicxml,Bach_JohannSebastian,Bach_BWV_778,2,,,,note,B4,B,B,0.0,4,71.0,11.0,0.0625,2.875
28,..\data\scores\Bach_JohannSebastian\Bach_BWV_778.musicxml,Bach_JohannSebastian,Bach_BWV_778,2,,,,note,B5,B,B,0.0,5,83.0,11.0,0.125,3.0
29,..\data\scores\Bach_JohannSebastian\Bach_BWV_778.musicxml,Bach_JohannSebastian,Bach_BWV_778,2,,,,note,A5,A,A,0.0,5,81.0,9.0,0.0625,3.25
30,..\data\scores\Bach_JohannSebastian\Bach_BWV_778.musicxml,Bach_JohannSebastian,Bach_BWV_778,2,,,,note,G5,G,G,0.0,5,79.0,7.0,0.0625,3.375
31,..\data\scores\Bach_JohannSebastian\Bach_BWV_778.musicxml,Bach_JohannSebastian,Bach_BWV_778,2,,,,note,F#5,F#,F,1.0,5,78.0,6.0,0.1875,3.5
32,..\data\scores\Bach_JohannSebastian\Bach_BWV_778.musicxml,Bach_JohannSebastian,Bach_BWV_778,2,,,,note,E5,E,E,0.0,5,76.0,4.0,0.03125,3.875
33,..\data\scores\Bach_JohannSebastian\Bach_BWV_778.musicxml,Bach_JohannSebastian,Bach_BWV_778,2,,,,note,F#5,F#,F,1.0,5,78.0,6.0,0.03125,3.9375
34,..\data\scores\Bach_JohannSebastian\Bach_BWV_778.musicxml,Bach_JohannSebastian,Bach_BWV_778,2,,,,note,B3,B,B,0.0,3,59.0,11.0,0.125,2.0
35,..\data\scores\Bach_JohannSebastian\Bach_BWV_778.musicxml,Bach_JohannSebastian,Bach_BWV_778,2,,,,note,B2,B,B,0.0,2,47.0,11.0,0.125,2.25
36,..\data\scores\Bach_JohannSebastian\Bach_BWV_778.musicxml,Bach_JohannSebastian,Bach_BWV_778,2,,,,rest,,,,,,,,0.25,2.5
37,..\data\scores\Bach_JohannSebastian\Bach_BWV_778.musicxml,Bach_JohannSebastian,Bach_BWV_778,2,,,,rest,,,,,,,,0.125,3.0
38,..\data\scores\Bach_JohannSebastian\Bach_BWV_778.musicxml,Bach_JohannSebastian,Bach_BWV_778,2,,,,note,F#4,F#,F,1.0,4,66.0,6.0,0.0625,3.25
39,..\data\scores\Bach_JohannSebastian\Bach_BWV_778.musicxml,Bach_JohannSebastian,Bach_BWV_778,2,,,,note,E4,E,E,0.0,4,64.0,4.0,0.0625,3.375
40,..\data\scores\Bach_JohannSebastian\Bach_BWV_778.musicxml,Bach_JohannSebastian,Bach_BWV_778,2,,,,note,D#4,D#,D,1.0,4,63.0,3.0,0.0625,3.5
41,..\data\scores\Bach_JohannSebastian\Bach_BWV_778.musicxml,Bach_JohannSebastian,Bach_BWV_778,2,,,,note,C#4,C#,C,1.0,4,61.0,1.0,0.0625,3.625
42,..\data\scores\Bach_JohannSebastian\Bach_BWV_778.musicxml,Bach_JohannSebastian,Bach_BWV_778,2,,,,note,D#4,D#,D,1.0,4,63.0,3.0,0.0625,3.75
43,..\data\scores\Bach_JohannSebastian\Bach_BWV_778.musicxml,Bach_JohannSebastian,Bach_BWV_778,2,,,,note,B3,B,B,0.0,3,59.0,11.0,0.0625,3.875
44,..\data\scores\Bach_JohannSebastian\Bach_BWV_778.musicxml,Bach_JohannSebastian,Bach_BWV_778,3,,,,note,G5,G,G,0.0,5,79.0,7.0,0.125,4.0
45,..\data\scores\Bach_JohannSebastian\Bach_BWV_778.musicxml,Bach_JohannSebastian,Bach_BWV_778,3,,,,note,B5,B,B,0.0,5,83.0,11.0,0.0625,4.25
46,..\data\scores\Bach_JohannSebastian\Bach_BWV_778.musicxml,Bach_JohannSebastian,Bach_BWV_778,3,,,,note,A5,A,A,0.0,5,81.0,9.0,0.0625,4.375
47,..\data\scores\Bach_JohannSebastian\Bach_BWV_778.musicxml,Bach_JohannSebastian,Bach_BWV_778,3,,,,note,G5,G,G,0.0,5,79.0,7.0,0.0625,4.5
48,..\data\scores\Bach_JohannSebastian\Bach_BWV_778.musicxml,Bach_JohannSebastian,Bach_BWV_778,3,,,,note,F#5,F#,F,1.0,5,78.0,6.0,0.0625,4.625
49,..\data\scores\Bach_JohannSebastian\Bach_BWV_778.musicxml,Bach_JohannSebastian,Bach_BWV_778,3,,,,note,G5,G,G,0.0,5,79.0,7.0,0.0625,4.75
50,..\data\scores\Bach_JohannSebastian\Bach_BWV_778.musicxml,Bach_JohannSebastian,Bach_BWV_778,3,,,,note,E5,E,E,0.0,5,76.0,4.0,0.0625,4.875
51,..\data\scores\Bach_JohannSebastian\Bach_BWV_778.musicxml,Bach_JohannSebastian,Bach_BWV_778,3,,,,note,C6,C,C,0.0,6,84.0,0.0,0.1875,5.0
52,..\data\scores\Bach_JohannSebastian\Bach_BWV_778.musicxml,Bach_JohannSebastian,Bach_BWV_778,3,,,,note,B5,B,B,0.0,5,83.0,11.0,0.0625,5.375
53,..\data\scores\Bach_JohannSebastian\Bach_BWV_778.musicxml,Bach_JohannSebastian,Bach_BWV_778,3,,,,note,A5,A,A,0.0,5,81.0,9.0,0.0625,5.5
54,..\data\scores\Bach_JohannSebastian\Bach_BWV_778.musicxml,Bach_JohannSebastian,Bach_BWV_778,3,,,,note,G5,G,G,0.0,5,79.0,7.0,0.0625,5.625
55,..\data\scores\Bach_JohannSebastian\Bach_BWV_778.musicxml,Bach_JohannSebastian,Bach_BWV_778,3,,,,note,F#5,F#,F,1.0,5,78.0,6.0,0.0625,5.75
56,..\data\scores\Bach_JohannSebastian\Bach_BWV_778.musicxml,Bach_JohannSebastian,Bach_BWV_778,3,,,,note,E5,E,E,0.0,5,76.0,4.0,0.0625,5.875
57,..\data\scores\Bach_JohannSebastian\Bach_BWV_778.musicxml,Bach_JohannSebastian,Bach_BWV_778,3,,,,note,E4,E,E,0.0,4,64.0,4.0,0.125,4.0
58,..\data\scores\Bach_JohannSebastian\Bach_BWV_778.musicxml,Bach_JohannSebastian,Bach_BWV_778,3,,,,note,E3,E,E,0.0,3,52.0,4.0,0.125,4.25
59,..\data\scores\Bach_JohannSebastian\Bach_BWV_778.musicxml,Bach_JohannSebastian,Bach_BWV_778,3,,,,rest,,,,,,,,0.25,4.5
60,..\data\scores\Bach_JohannSebastian\Bach_BWV_778.musicxml,Bach_JohannSebastian,Bach_BWV_778,3,,,,rest,,,,,,,,0.125,5.0
61,..\data\scores\Bach_JohannSebastian\Bach_BWV_778.musicxml,Bach_JohannSebastian,Bach_BWV_778,3,,,,note,E4,E,E,0.0,4,64.0,4.0,0.0625,5.25
62,..\data\scores\Bach_JohannSebastian\Bach_BWV_778.musicxml,Bach_JohannSebastian,Bach_BWV_778,3,,,,note,D4,D,D,0.0,4,62.0,2.0,0.0625,5.375
63,..\data\scores\Bach_JohannSebastian\Bach_BWV_778.musicxml,Bach_JohannSebastian,Bach_BWV_778,3,,,,note,C4,C,C,0.0,4,60.0,0.0,0.0625,5.5
64,..\data\scores\Bach_JohannSebastian\Bach_BWV_778.musicxml,Bach_JohannSebastian,Bach_BWV_778,3,,,,note,B3,B,B,0.0,3,59.0,11.0,0.0625,5.625
65,..\data\scores\Bach_JohannSebastian\Bach_BWV_778.musicxml,Bach_JohannSebastian,Bach_BWV_778,3,,,,note,C4,C,C,0.0,4,60.0,0.0,0.0625,5.75
66,..\data\scores\Bach_JohannSebastian\Bach_BWV_778.musicxml,Bach_JohannSebastian,Bach_BWV_778,3,,,,note,A3,A,A,0.0,3,57.0,9.0,0.0625,5.875
67,..\data\scores\Bach_JohannSebastian\Bach_BWV_778.musicxml,Bach_JohannSebastian,Bach_BWV_778,4,,,,note,F#5,F#,F,1.0,5,78.0,6.0,0.125,6.0
68,..\data\scores\Bach_JohannSebastian\Bach_BWV_778.musicxml,Bach_JohannSebastian,Bach_BWV_778,4,,,,note,A5,A,A,0.0,5,81.0,9.0,0.0625,6.25
69,..\data\scores\Bach_JohannSebastian\Bach_BWV_778.musicxml,Bach_JohannSebastian,Bach_BWV_778,4,,,,note,G5,G,G,0.0,5,79.0,7.0,0.0625,6.375
70,..\data\scores\Bach_JohannSebastian\Bach_BWV_778.musicxml,Bach_JohannSebastian,Bach_BWV_778,4,,,,note,F#5,F#,F,1.0,5,78.0,6.0,0.0625,6.5
71,..\data\scores\Bach_JohannSebastian\Bach_BWV_778.musicxml,Bach_JohannSebastian,Bach_BWV_778,4,,,,note,E5,E,E,0.0,5,76.0,4.0,0.0625,6.625
72,..\data\scores\Bach_JohannSebastian\Bach_BWV_778.musicxml,Bach_JohannSebastian,Bach_BWV_778,4,,,,note,F#5,F#,F,1.0,5,78.0,6.0,0.0625,6.75
73,..\data\scores\Bach_JohannSebastian\Bach_BWV_778.musicxml,Bach_JohannSebastian,Bach_BWV_778,4,,,,note,D5,D,D,0.0,5,74.0,2.0,0.0625,6.875
74,..\data\scores\Bach_JohannSebastian\Bach_BWV_778.musicxml,Bach_JohannSebastian,Bach_BWV_778,4,,,,note,B5,B,B,0.0,5,83.0,11.0,0.1875,7.0
75,..\data\scores\Bach_JohannSebastian\Bach_BWV_778.musicxml,Bach_JohannSebastian,Bach_BWV_778,4,,,,note,A5,A,A,0.0,5,81.0,9.0,0.0625,7.375
76,..\data\scores\Bach_JohannSebastian\Bach_BWV_778.musicxml,Bach_JohannSebastian,Bach_BWV_778,4,,,,note,G5,G,G,0.0,5,79.0,7.0,0.0625,7.5
77,..\data\scores\Bach_JohannSebastian\Bach_BWV_778.musicxml,Bach_JohannSebastian,Bach_BWV_778,4,,,,note,F#5,F#,F,1.0,5,78.0,6.0,0.0625,7.625
78,..\data\scores\Bach_JohannSebastian\Bach_BWV_778.musicxml,Bach_JohannSebastian,Bach_BWV_778,4,,,,note,E5,E,E,0.0,5,76.0,4.0,0.0625,7.75
79,..\data\scores\Bach_JohannSebastian\Bach_BWV_778.musicxml,Bach_JohannSebastian,Bach_BWV_778,4,,,,note,D5,D,D,0.0,5,74.0,2.0,0.0625,7.875
80,..\data\scores\Bach_JohannSebastian\Bach_BWV_778.musicxml,Bach_JohannSebastian,Bach_BWV_778,4,,,,note,D4,D,D,0.0,4,62.0,2.0,0.125,6.0
81,..\data\scores\Bach_JohannSebastian\Bach_BWV_778.musicxml,Bach_JohannSebastian,Bach_BWV_778,4,,,,note,D3,D,D,0.0,3,50.0,2.0,0.125,6.25
82,..\data\scores\Bach_JohannSebastian\Bach_BWV_778.musicxml,Bach_JohannSebastian,Bach_BWV_778,4,,,,rest,,,,,,,,0.25,6.5
83,..\data\scores\Bach_JohannSebastian\Bach_BWV_778.musicxml,Bach_JohannSebastian,Bach_BWV_778,4,,,,rest,,,,,,,,0.125,7.0
84,..\data\scores\Bach_JohannSebastian\Bach_BWV_778.musicxml,Bach_JohannSebastian,Bach_BWV_778,4,,,,note,D4,D,D,0.0,4,62.0,2.0,0.0625,7.25
85,..\data\scores\Bach_JohannSebastian\Bach_BWV_778.musicxml,Bach_JohannSebastian,Bach_BWV_778,4,,,,note,C4,C,C,0.0,4,60.0,0.0,0.0625,7.375
86,..\data\scores\Bach_JohannSebastian\Bach_BWV_778.musicxml,Bach_JohannSebastian,Bach_BWV_778,4,,,,note,B3,B,B,0.0,3,59.0,11.0,0.0625,7.5
87,..\data\scores\Bach_JohannSebastian\Bach_BWV_778.musicxml,Bach_JohannSebastian,Bach_BWV_778,4,,,,note,A3,A,A,0.0,3,57.0,9.0,0.0625,7.625
88,..\data\scores\Bach_JohannSebastian\Bach_BWV_778.musicxml,Bach_JohannSebastian,Bach_BWV_778,4,,,,note,B3,B,B,0.0,3,59.0,11.0,0.0625,7.75
89,..\data\scores\Bach_JohannSebastian\Bach_BWV_778.musicxml,Bach_JohannSebastian,Bach_BWV_778,4,,,,note,G3,G,G,0.0,3,55.0,7.0,0.0625,7.875
90,..\data\scores\Bach_JohannSebastian\Bach_BWV_778.musicxml,Bach_JohannSebastian,Bach_BWV_778,5,,,,note,E5,E,E,0.0,5,76.0,4.0,0.0625,8.0
91,..\data\scores\Bach_JohannSebastian\Bach_BWV_778.musicxml,Bach_JohannSebastian,Bach_BWV_778,5,,,,note,F#5,F#,F,1.0,5,78.0,6.0,0.0625,8.125
92,..\data\scores\Bach_JohannSebastian\Bach_BWV_778.musicxml,Bach_JohannSebastian,Bach_BWV_778,5,,,,note,E5,E,E,0.0,5,76.0,4.0,0.0625,8.25
93,..\data\scores\Bach_JohannSebastian\Bach_BWV_778.musicxml,Bach_JohannSebastian,Bach_BWV_778,5,,,,note,D5,D,D,0.0,5,74.0,2.0,0.0625,8.375
94,..\data\scores\Bach_JohannSebastian\Bach_BWV_778.musicxml,Bach_JohannSebastian,Bach_BWV_778,5,,,,note,C5,C,C,0.0,5,72.0,0.0,0.0625,8.5
95,..\data\scores\Bach_JohannSebastian\Bach_BWV_778.musicxml,Bach_JohannSebastian,Bach_BWV_778,5,,,,note,B4,B,B,0.0,4,71.0,11.0,0.0625,8.625
96,..\data\scores\Bach_JohannSebastian\Bach_BWV_778.musicxml,Bach_JohannSebastian,Bach_BWV_778,5,,,,note,A4,A,A,0.0,4,69.0,9.0,0.0625,8.75
97,..\data\scores\Bach_JohannSebastian\Bach_BWV_778.musicxml,Bach_JohannSebastian,Bach_BWV_778,5,,,,note,G4,G,G,0.0,4,67.0,7.0,0.0625,8.875
98,..\data\scores\Bach_JohannSebastian\Bach_BWV_778.musicxml,Bach_JohannSebastian,Bach_BWV_778,5,,,,note,C5,C,C,0.0,5,72.0,0.0,0.0625,9.0
99,..\data\scores\Bach_JohannSebastian\Bach_BWV_778.musicxml,Bach_JohannSebastian,Bach_BWV_778,5,,,,note,B4,B,B,0.0,4,71.0,11.0,0.0625,9.125
100,..\data\scores\Bach_JohannSebastian\Bach_BWV_778.musicxml,Bach_JohannSebastian,Bach_BWV_778,5,,,,note,A4,A,A,0.0,4,69.0,9.0,0.0625,9.25
101,..\data\scores\Bach_JohannSebastian\Bach_BWV_778.musicxml,Bach_JohannSebastian,Bach_BWV_778,5,,,,note,B4,B,B,0.0,4,71.0,11.0,0.0625,9.375
102,..\data\scores\Bach_JohannSebastian\Bach_BWV_778.musicxml,Bach_JohannSebastian,Bach_BWV_778,5,,,,note,C5,C,C,0.0,5,72.0,0.0,0.0625,9.5
103,..\data\scores\Bach_JohannSebastian\Bach_BWV_778.musicxml,Bach_JohannSebastian,Bach_BWV_778,5,,,,note,D5,D,D,0.0,5,74.0,2.0,0.0625,9.625
104,..\data\scores\Bach_JohannSebastian\Bach_BWV_778.musicxml,Bach_JohannSebastian,Bach_BWV_778,5,,,,note,E5,E,E,0.0,5,76.0,4.0,0.0625,9.75
105,..\data\scores\Bach_JohannSebastian\Bach_BWV_778.musicxml,Bach_JohannSebastian,Bach_BWV_778,5,,,,note,F#5,F#,F,1.0,5,78.0,6.0,0.0625,9.875
106,..\data\scores\Bach_JohannSebastian\Bach_BWV_778.musicxml,Bach_JohannSebastian,Bach_BWV_778,5,,,,note,C4,C,C,0.0,4,60.0,0.0,0.1875,8.0
107,..\data\scores\Bach_JohannSebastian\Bach_BWV_778.musicxml,Bach_JohannSebastian,Bach_BWV_778,5,,,,note,B3,B,B,0.0,3,59.0,11.0,0.0625,8.375
108,..\data\scores\Bach_JohannSebastian\Bach_BWV_778.musicxml,Bach_JohannSebastian,Bach_BWV_778,5,,,,note,A3,A,A,0.0,3,57.0,9.0,0.0625,8.5
109,..\data\scores\Bach_JohannSebastian\Bach_BWV_778.musicxml,Bach_JohannSebastian,Bach_BWV_778,5,,,,note,G3,G,G,0.0,3,55.0,7.0,0.0625,8.625
110,..\data\scores\Bach_JohannSebastian\Bach_BWV_778.musicxml,Bach_JohannSebastian,Bach_BWV_778,5,,,,note,F#3,F#,F,1.0,3,54.0,6.0,0.0625,8.75
111,..\data\scores\Bach_JohannSebastian\Bach_BWV_778.musicxml,Bach_JohannSebastian,Bach_BWV_778,5,,,,note,E3,E,E,0.0,3,52.0,4.0,0.0625,8.875
112,..\data\scores\Bach_JohannSebastian\Bach_BWV_778.musicxml,Bach_JohannSebastian,Bach_BWV_778,5,,,,note,A3,A,A,0.0,3,57.0,9.0,0.1875,9.0
113,..\data\scores\Bach_JohannSebastian\Bach_BWV_778.musicxml,Bach_JohannSebastian,Bach_BWV_778,5,,,,note,G3,G,G,0.0,3,55.0,7.0,0.0625,9.375
114,..\data\scores\Bach_JohannSebastian\Bach_BWV_778.musicxml,Bach_JohannSebastian,Bach_BWV_778,5,,,,note,F#3,F#,F,1.0,3,54.0,6.0,0.0625,9.5
115,..\data\scores\Bach_JohannSebastian\Bach_BWV_778.musicxml,Bach_JohannSebastian,Bach_BWV_778,5,,,,note,E3,E,E,0.0,3,52.0,4.0,0.0625,9.625
116,..\data\scores\Bach_JohannSebastian\Bach_BWV_778.musicxml,Bach_JohannSebastian,Bach_BWV_778,5,,,,note,D3,D,D,0.0,3,50.0,2.0,0.0625,9.75
117,..\data\scores\Bach_JohannSebastian\Bach_BWV_778.musicxml,Bach_JohannSebastian,Bach_BWV_778,5,,,,note,C3,C,C,0.0,3,48.0,0.0,0.0625,9.875
118,..\data\scores\Bach_JohannSebastian\Bach_BWV_778.musicxml,Bach_JohannSebastian,Bach_BWV_778,6,,,,note,G5,G,G,0.0,5,79.0,7.0,0.0625,10.0
119,..\data\scores\Bach_JohannSebastian\Bach_BWV_778.musicxml,Bach_JohannSebastian,Bach_BWV_778,6,,,,note,F#5,F#,F,1.0,5,78.0,6.0,0.0625,10.125
120,..\data\scores\Bach_JohannSebastian\Bach_BWV_778.musicxml,Bach_JohannSebastian,Bach_BWV_778,6,,,,note,E5,E,E,0.0,5,76.0,4.0,0.0625,10.25
121,..\data\scores\Bach_JohannSebastian\Bach_BWV_778.musicxml,Bach_JohannSebastian,Bach_BWV_778,6,,,,note,D5,D,D,0.0,5,74.0,2.0,0.0625,10.375
122,..\data\scores\Bach_JohannSebastian\Bach_BWV_778.musicxml,Bach_JohannSebastian,Bach_BWV_778,6,,,,note,G5,G,G,0.0,5,79.0,7.0,0.1875,10.5
123,..\data\scores\Bach_JohannSebastian\Bach_BWV_778.musicxml,Bach_JohannSebastian,Bach_BWV_778,6,,,,note,G5,G,G,0.0,5,79.0,7.0,0.0625,10.875
124,..\data\scores\Bach_JohannSebastian\Bach_BWV_778.musicxml,Bach_JohannSebastian,Bach_BWV_778,6,,,,note,G5,G,G,0.0,5,79.0,7.0,0.0625,11.0
125,..\data\scores\Bach_JohannSebastian\Bach_BWV_778.musicxml,Bach_JohannSebastian,Bach_BWV_778,6,,,,note,F#5,F#,F,1.0,5,78.0,6.0,0.0625,11.125
126,..\data\scores\Bach_JohannSebastian\Bach_BWV_778.musicxml,Bach_JohannSebastian,Bach_BWV_778,6,,,,note,E5,E,E,0.0,5,76.0,4.0,0.0625,11.25
127,..\data\scores\Bach_JohannSebastian\Bach_BWV_778.musicxml,Bach_JohannSebastian,Bach_BWV_778,6,,,,note,F#5,F#,F,1.0,5,78.0,6.0,0.0625,11.375
128,..\data\scores\Bach_JohannSebastian\Bach_BWV_778.musicxml,Bach_JohannSebastian,Bach_BWV_778,6,,,,note,F#5,F#,F,1.0,5,78.0,6.0,0.1875,11.5
129,..\data\scores\Bach_JohannSebastian\Bach_BWV_778.musicxml,Bach_JohannSebastian,Bach_BWV_778,6,,,,note,G5,G,G,0.0,5,79.0,7.0,0.0625,11.875
130,..\data\scores\Bach_JohannSebastian\Bach_BWV_778.musicxml,Bach_JohannSebastian,Bach_BWV_778,6,,,,note,B2,B,B,0.0,2,47.0,11.0,0.1875,10.0
131,..\data\scores\Bach_JohannSebastian\Bach_BWV_778.musicxml,Bach_JohannSebastian,Bach_BWV_778,6,,,,note,C3,C,C,0.0,3,48.0,0.0,0.0625,10.375
132,..\data\scores\Bach_JohannSebastian\Bach_BWV_778.musicxml,Bach_JohannSebastian,Bach_BWV_778,6,,,,note,B2,B,B,0.0,2,47.0,11.0,0.0625,10.5
133,..\data\scores\Bach_JohannSebastian\Bach_BWV_778.musicxml,Bach_JohannSebastian,Bach_BWV_778,6,,,,note,A2,A,A,0.0,2,45.0,9.0,0.0625,10.625
134,..\data\scores\Bach_JohannSebastian\Bach_BWV_778.musicxml,Bach_JohannSebastian,Bach_BWV_778,6,,,,note,G2,G,G,0.0,2,43.0,7.0,0.0625,10.75
135,..\data\scores\Bach_JohannSebastian\Bach_BWV_778.musicxml,Bach_JohannSebastian,Bach_BWV_778,6,,,,note,F#2,F#,F,1.0,2,42.0,6.0,0.0625,10.875
136,..\data\scores\Bach_JohannSebastian\Bach_BWV_778.musicxml,Bach_JohannSebastian,Bach_BWV_778,6,,,,note,E2,E,E,0.0,2,40.0,4.0,0.125,11.0
137,..\data\scores\Bach_JohannSebastian\Bach_BWV_778.musicxml,Bach_JohannSebastian,Bach_BWV_778,6,,,,note,C3,C,C,0.0,3,48.0,0.0,0.125,11.25
138,..\data\scores\Bach_JohannSebastian\Bach_BWV_778.musicxml,Bach_JohannSebastian,Bach_BWV_778,6,,,,note,D3,D,D,0.0,3,50.0,2.0,0.125,11.5
139,..\data\scores\Bach_JohannSebastian\Bach_BWV_778.musicxml,Bach_JohannSebastian,Bach_BWV_778,6,,,,note,D2,D,D,0.0,2,38.0,2.0,0.125,11.75
140,..\data\scores\Bach_JohannSebastian\Bach_BWV_778.musicxml,Bach_JohannSebastian,Bach_BWV_778,7,,,,note,G5,G,G,0.0,5,79.0,7.0,0.125,12.0
141,..\data\scores\Bach_JohannSebastian\Bach_BWV_778.musicxml,Bach_JohannSebastian,Bach_BWV_778,7,,,,note,D5,D,D,0.0,5,74.0,2.0,0.0625,12.25
142,..\data\scores\Bach_JohannSebastian\Bach_BWV_778.musicxml,Bach_JohannSebastian,Bach_BWV_778,7,,,,note,C5,C,C,0.0,5,72.0,0.0,0.0625,12.375
143,..\data\scores\Bach_JohannSebastian\Bach_BWV_778.musicxml,Bach_JohannSebastian,Bach_BWV_778,7,,,,note,B4,B,B,0.0,4,71.0,11.0,0.0625,12.5
144,..\data\scores\Bach_JohannSebastian\Bach_BWV_778.musicxml,Bach_JohannSebastian,Bach_BWV_778,7,,,,note,A4,A,A,0.0,4,69.0,9.0,0.0625,12.625
145,..\data\scores\Bach_JohannSebastian\Bach_BWV_778.musicxml,Bach_JohannSebastian,Bach_BWV_778,7,,,,note,B4,B,B,0.0,4,71.0,11.0,0.0625,12.75
146,..\data\scores\Bach_JohannSebastian\Bach_BWV_778.musicxml,Bach_JohannSebastian,Bach_BWV_778,7,,,,note,G4,G,G,0.0,4,67.0,7.0,0.0625,12.875
147,..\data\scores\Bach_JohannSebastian\Bach_BWV_778.musicxml,Bach_JohannSebastian,Bach_BWV_778,7,,,,note,D5,D,D,0.0,5,74.0,2.0,0.5,13.0
148,..\data\scores\Bach_JohannSebastian\Bach_BWV_778.musicxml,Bach_JohannSebastian,Bach_BWV_778,7,,,,note,G2,G,G,0.0,2,43.0,7.0,0.25,12.0
149,..\data\scores\Bach_JohannSebastian\Bach_BWV_778.musicxml,Bach_JohannSebastian,Bach_BWV_778,7,,,,rest,,,,,,,,0.25,12.5
150,..\data\scores\Bach_JohannSebastian\Bach_BWV_778.musicxml,Bach_JohannSebastian,Bach_BWV_778,7,,,,rest,,,,,,,,0.125,13.0
151,..\data\scores\Bach_JohannSebastian\Bach_BWV_778.musicxml,Bach_JohannSebastian,Bach_BWV_778,7,,,,note,G2,G,G,0.0,2,43.0,7.0,0.0625,13.25
152,..\data\scores\Bach_JohannSebastian\Bach_BWV_778.musicxml,Bach_JohannSebastian,Bach_BWV_778,7,,,,note,A2,A,A,0.0,2,45.0,9.0,0.0625,13.375
153,..\data\scores\Bach_JohannSebastian\Bach_BWV_778.musicxml,Bach_JohannSebastian,Bach_BWV_778,7,,,,note,B2,B,B,0.0,2,47.0,11.0,0.0625,13.5
154,..\data\scores\Bach_JohannSebastian\Bach_BWV_778.musicxml,Bach_JohannSebastian,Bach_BWV_778,7,,,,note,A2,A,A,0.0,2,45.0,9.0,0.0625,13.625
155,..\data\scores\Bach_JohannSebastian\Bach_BWV_778.musicxml,Bach_JohannSebastian,Bach_BWV_778,7,,,,note,B2,B,B,0.0,2,47.0,11.0,0.0625,13.75
156,..\data\scores\Bach_JohannSebastian\Bach_BWV_778.musicxml,Bach_JohannSebastian,Bach_BWV_778,7,,,,note,G2,G,G,0.0,2,43.0,7.0,0.0625,13.875
157,..\data\scores\Bach_JohannSebastian\Bach_BWV_778.musicxml,Bach_JohannSebastian,Bach_BWV_778,8,,,,note,D5,D,D,0.0,5,74.0,2.0,1.0,14.0
158,..\data\scores\Bach_JohannSebastian\Bach_BWV_778.musicxml,Bach_JohannSebastian,Bach_BWV_778,8,,,,note,D3,D,D,0.0,3,50.0,2.0,0.0625,14.0
159,..\data\scores\Bach_JohannSebastian\Bach_BWV_778.musicxml,Bach_JohannSebastian,Bach_BWV_778,8,,,,note,C#3,C#,C,1.0,3,49.0,1.0,0.0625,14.125
160,..\data\scores\Bach_JohannSebastian\Bach_BWV_778.musicxml,Bach_JohannSebastian,Bach_BWV_778,8,,,,note,D3,D,D,0.0,3,50.0,2.0,0.0625,14.25
161,..\data\scores\Bach_JohannSebastian\Bach_BWV_778.musicxml,Bach_JohannSebastian,Bach_BWV_778,8,,,,note,E3,E,E,0.0,3,52.0,4.0,0.0625,14.375
162,..\data\scores\Bach_JohannSebastian\Bach_BWV_778.musicxml,Bach_JohannSebastian,Bach_BWV_778,8,,,,note,F#3,F#,F,1.0,3,54.0,6.0,0.0625,14.5
163,..\data\scores\Bach_JohannSebastian\Bach_BWV_778.musicxml,Bach_JohannSebastian,Bach_BWV_778,8,,,,note,E3,E,E,0.0,3,52.0,4.0,0.0625,14.625
164,..\data\scores\Bach_JohannSebastian\Bach_BWV_778.musicxml,Bach_JohannSebastian,Bach_BWV_778,8,,,,note,F#3,F#,F,1.0,3,54.0,6.0,0.0625,14.75
165,..\data\scores\Bach_JohannSebastian\Bach_BWV_778.musicxml,Bach_JohannSebastian,Bach_BWV_778,8,,,,note,D3,D,D,0.0,3,50.0,2.0,0.0625,14.875
166,..\data\scores\Bach_JohannSebastian\Bach_BWV_778.musicxml,Bach_JohannSebastian,Bach_BWV_778,8,,,,note,G3,G,G,0.0,3,55.0,7.0,0.0625,15.0
167,..\data\scores\Bach_JohannSebastian\Bach_BWV_778.musicxml,Bach_JohannSebastian,Bach_BWV_778,8,,,,note,F#3,F#,F,1.0,3,54.0,6.0,0.0625,15.125
168,..\data\scores\Bach_JohannSebastian\Bach_BWV_778.musicxml,Bach_JohannSebastian,Bach_BWV_778,8,,,,note,G3,G,G,0.0,3,55.0,7.0,0.0625,15.25
169,..\data\scores\Bach_JohannSebastian\Bach_BWV_778.musicxml,Bach_JohannSebastian,Bach_BWV_778,8,,,,note,A3,A,A,0.0,3,57.0,9.0,0.0625,15.375
170,..\data\scores\Bach_JohannSebastian\Bach_BWV_778.musicxml,Bach_JohannSebastian,Bach_BWV_778,8,,,,note,B3,B,B,0.0,3,59.0,11.0,0.0625,15.5
171,..\data\scores\Bach_JohannSebastian\Bach_BWV_778.musicxml,Bach_JohannSebastian,Bach_BWV_778,8,,,,note,A3,A,A,0.0,3,57.0,9.0,0.0625,15.625
172,..\data\scores\Bach_JohannSebastian\Bach_BWV_778.musicxml,Bach_JohannSebastian,Bach_BWV_778,8,,,,note,B3,B,B,0.0,3,59.0,11.0,0.0625,15.75
173,..\data\scores\Bach_JohannSebastian\Bach_BWV_778.musicxml,Bach_JohannSebastian,Bach_BWV_778,8,,,,note,F#3,F#,F,1.0,3,54.0,6.0,0.0625,15.875
174,..\data\scores\Bach_JohannSebastian\Bach_BWV_778.musicxml,Bach_JohannSebastian,Bach_BWV_778,9,,,,note,D5,D,D,0.0,5,74.0,2.0,0.1875,16.0
175,..\data\scores\Bach_JohannSebastian\Bach_BWV_778.musicxml,Bach_JohannSebastian,Bach_BWV_778,9,,,,note,E5,E,E,0.0,5,76.0,4.0,0.0625,16.375
176,..\data\scores\Bach_JohannSebastian\Bach_BWV_778.musicxml,Bach_JohannSebastian,Bach_BWV_778,9,,,,note,C#5,C#,C,1.0,5,73.0,1.0,0.1875,16.5
177,..\data\scores\Bach_JohannSebastian\Bach_BWV_778.musicxml,Bach_JohannSebastian,Bach_BWV_778,9,,,,note,D5,D,D,0.0,5,74.0,2.0,0.0625,16.875
178,..\data\scores\Bach_JohannSebastian\Bach_BWV_778.musicxml,Bach_JohannSebastian,Bach_BWV_778,9,,,,note,D5,D,D,0.0,5,74.0,2.0,0.125,17.0
179,..\data\scores\Bach_JohannSebastian\Bach_BWV_778.musicxml,Bach_JohannSebastian,Bach_BWV_778,9,,,,note,A4,A,A,0.0,4,69.0,9.0,0.0625,17.25
180,..\data\scores\Bach_JohannSebastian\Bach_BWV_778.musicxml,Bach_JohannSebastian,Bach_BWV_778,9,,,,note,G4,G,G,0.0,4,67.0,7.0,0.0625,17.375
181,..\data\scores\Bach_JohannSebastian\Bach_BWV_778.musicxml,Bach_JohannSebastian,Bach_BWV_778,9,,,,note,F#4,F#,F,1.0,4,66.0,6.0,0.0625,17.5
182,..\data\scores\Bach_JohannSebastian\Bach_BWV_778.musicxml,Bach_JohannSebastian,Bach_BWV_778,9,,,,note,E4,E,E,0.0,4,64.0,4.0,0.0625,17.625
183,..\data\scores\Bach_JohannSebastian\Bach_BWV_778.musicxml,Bach_JohannSebastian,Bach_BWV_778,9,,,,note,F#4,F#,F,1.0,4,66.0,6.0,0.0625,17.75
184,..\data\scores\Bach_JohannSebastian\Bach_BWV_778.musicxml,Bach_JohannSebastian,Bach_BWV_778,9,,,,note,D4,D,D,0.0,4,62.0,2.0,0.0625,17.875
185,..\data\scores\Bach_JohannSebastian\Bach_BWV_778.musicxml,Bach_JohannSebastian,Bach_BWV_778,9,,,,note,G3,G,G,0.0,3,55.0,7.0,0.0625,16.0
186,..\data\scores\Bach_JohannSebastian\Bach_BWV_778.musicxml,Bach_JohannSebastian,Bach_BWV_778,9,,,,note,F#3,F#,F,1.0,3,54.0,6.0,0.0625,16.125
187,..\data\scores\Bach_JohannSebastian\Bach_BWV_778.musicxml,Bach_JohannSebastian,Bach_BWV_778,9,,,,note,G3,G,G,0.0,3,55.0,7.0,0.0625,16.25
188,..\data\scores\Bach_JohannSebastian\Bach_BWV_778.musicxml,Bach_JohannSebastian,Bach_BWV_778,9,,,,note,E3,E,E,0.0,3,52.0,4.0,0.0625,16.375
189,..\data\scores\Bach_JohannSebastian\Bach_BWV_778.musicxml,Bach_JohannSebastian,Bach_BWV_778,9,,,,note,A3,A,A,0.0,3,57.0,9.0,0.125,16.5
190,..\data\scores\Bach_JohannSebastian\Bach_BWV_778.musicxml,Bach_JohannSebastian,Bach_BWV_778,9,,,,note,A2,A,A,0.0,2,45.0,9.0,0.125,16.75
191,..\data\scores\Bach_JohannSebastian\Bach_BWV_778.musicxml,Bach_JohannSebastian,Bach_BWV_778,9,,,,note,D3,D,D,0.0,3,50.0,2.0,0.125,17.0
192,..\data\scores\Bach_JohannSebastian\Bach_BWV_778.musicxml,Bach_JohannSebastian,Bach_BWV_778,9,,,,note,D2,D,D,0.0,2,38.0,2.0,0.125,17.25
193,..\data\scores\Bach_JohannSebastian\Bach_BWV_778.musicxml,Bach_JohannSebastian,Bach_BWV_778,9,,,,rest,,,,,,,,0.25,17.5
194,..\data\scores\Bach_JohannSebastian\Bach_BWV_778.musicxml,Bach_JohannSebastian,Bach_BWV_778,10,,,,note,C5,C,C,0.0,5,72.0,0.0,0.1875,18.0
195,..\data\scores\Bach_JohannSebastian\Bach_BWV_778.musicxml,Bach_JohannSebastian,Bach_BWV_778,10,,,,note,B4,B,B,0.0,4,71.0,11.0,0.0625,18.375
196,..\data\scores\Bach_JohannSebastian\Bach_BWV_778.musicxml,Bach_JohannSebastian,Bach_BWV_778,10,,,,note,C5,C,C,0.0,5,72.0,0.0,0.1875,18.5
197,..\data\scores\Bach_JohannSebastian\Bach_BWV_778.musicxml,Bach_JohannSebastian,Bach_BWV_778,10,,,,note,D5,D,D,0.0,5,74.0,2.0,0.0625,18.875
198,..\data\scores\Bach_JohannSebastian\Bach_BWV_778.musicxml,Bach_JohannSebastian,Bach_BWV_778,10,,,,note,B4,B,B,0.0,4,71.0,11.0,0.125,19.0
199,..\data\scores\Bach_JohannSebastian\Bach_BWV_778.musicxml,Bach_JohannSebastian,Bach_BWV_778,10,,,,note,B4,B,B,0.0,4,71.0,11.0,0.125,19.25
200,..\data\scores\Bach_JohannSebastian\Bach_BWV_778.musicxml,Bach_JohannSebastian,Bach_BWV_778,10,,,,note,E5,E,E,0.0,5,76.0,4.0,0.1875,19.5
201,..\data\scores\Bach_JohannSebastian\Bach_BWV_778.musicxml,Bach_JohannSebastian,Bach_BWV_778,10,,,,note,E5,E,E,0.0,5,76.0,4.0,0.0625,19.875
202,..\data\scores\Bach_JohannSebastian\Bach_BWV_778.musicxml,Bach_JohannSebastian,Bach_BWV_778,10,,,,rest,,,,,,,,0.125,18.0
203,..\data\scores\Bach_JohannSebastian\Bach_BWV_778.musicxml,Bach_JohannSebastian,Bach_BWV_778,10,,,,note,A3,A,A,0.0,3,57.0,9.0,0.0625,18.25
204,..\data\scores\Bach_JohannSebastian\Bach_BWV_778.musicxml,Bach_JohannSebastian,Bach_BWV_778,10,,,,note,G3,G,G,0.0,3,55.0,7.0,0.0625,18.375
205,..\data\scores\Bach_JohannSebastian\Bach_BWV_778.musicxml,Bach_JohannSebastian,Bach_BWV_778,10,,,,note,F#3,F#,F,1.0,3,54.0,6.0,0.0625,18.5
206,..\data\scores\Bach_JohannSebastian\Bach_BWV_778.musicxml,Bach_JohannSebastian,Bach_BWV_778,10,,,,note,E3,E,E,0.0,3,52.0,4.0,0.0625,18.625
207,..\data\scores\Bach_JohannSebastian\Bach_BWV_778.musicxml,Bach_JohannSebastian,Bach_BWV_778,10,,,,note,F#3,F#,F,1.0,3,54.0,6.0,0.0625,18.75
208,..\data\scores\Bach_JohannSebastian\Bach_BWV_778.musicxml,Bach_JohannSebastian,Bach_BWV_778,10,,,,note,D3,D,D,0.0,3,50.0,2.0,0.0625,18.875
209,..\data\scores\Bach_JohannSebastian\Bach_BWV_778.musicxml,Bach_JohannSebastian,Bach_BWV_778,10,,,,note,G3,G,G,0.0,3,55.0,7.0,0.0625,19.0
210,..\data\scores\Bach_JohannSebastian\Bach_BWV_778.musicxml,Bach_JohannSebastian,Bach_BWV_778,10,,,,note,A3,A,A,0.0,3,57.0,9.0,0.0625,19.125
211,..\data\scores\Bach_JohannSebastian\Bach_BWV_778.musicxml,Bach_JohannSebastian,Bach_BWV_778,10,,,,note,G3,G,G,0.0,3,55.0,7.0,0.0625,19.25
212,..\data\scores\Bach_JohannSebastian\Bach_BWV_778.musicxml,Bach_JohannSebastian,Bach_BWV_778,10,,,,note,F#3,F#,F,1.0,3,54.0,6.0,0.0625,19.375
213,..\data\scores\Bach_JohannSebastian\Bach_BWV_778.musicxml,Bach_JohannSebastian,Bach_BWV_778,10,,,,note,E3,E,E,0.0,3,52.0,4.0,0.0625,19.5
214,..\data\scores\Bach_JohannSebastian\Bach_BWV_778.musicxml,Bach_JohannSebastian,Bach_BWV_778,10,,,,note,D3,D,D,0.0,3,50.0,2.0,0.0625,19.625
215,..\data\scores\Bach_JohannSebastian\Bach_BWV_778.musicxml,Bach_JohannSebastian,Bach_BWV_778,10,,,,note,E3,E,E,0.0,3,52.0,4.0,0.0625,19.75
216,..\data\scores\Bach_JohannSebastian\Bach_BWV_778.musicxml,Bach_JohannSebastian,Bach_BWV_778,10,,,,note,C#3,C#,C,1.0,3,49.0,1.0,0.0625,19.875
217,..\data\scores\Bach_JohannSebastian\Bach_BWV_778.musicxml,Bach_JohannSebastian,Bach_BWV_778,11,,,,note,E5,E,E,0.0,5,76.0,4.0,0.0625,20.0
218,..\data\scores\Bach_JohannSebastian\Bach_BWV_778.musicxml,Bach_JohannSebastian,Bach_BWV_778,11,,,,note,G5,G,G,0.0,5,79.0,7.0,0.0625,20.125
219,..\data\scores\Bach_JohannSebastian\Bach_BWV_778.musicxml,Bach_JohannSebastian,Bach_BWV_778,11,,,,note,F#5,F#,F,1.0,5,78.0,6.0,0.0625,20.25
220,..\data\scores\Bach_JohannSebastian\Bach_BWV_778.musicxml,Bach_JohannSebastian,Bach_BWV_778,11,,,,note,E5,E,E,0.0,5,76.0,4.0,0.0625,20.375
221,..\data\scores\Bach_JohannSebastian\Bach_BWV_778.musicxml,Bach_JohannSebastian,Bach_BWV_778,11,,,,note,D5,D,D,0.0,5,74.0,2.0,0.0625,20.5
222,..\data\scores\Bach_JohannSebastian\Bach_BWV_778.musicxml,Bach_JohannSebastian,Bach_BWV_778,11,,,,note,C#5,C#,C,1.0,5,73.0,1.0,0.0625,20.625
223,..\data\scores\Bach_JohannSebastian\Bach_BWV_778.musicxml,Bach_JohannSebastian,Bach_BWV_778,11,,,,note,D5,D,D,0.0,5,74.0,2.0,0.0625,20.75
224,..\data\scores\Bach_JohannSebastian\Bach_BWV_778.musicxml,Bach_JohannSebastian,Bach_BWV_778,11,,,,note,B4,B,B,0.0,4,71.0,11.0,0.0625,20.875
225,..\data\scores\Bach_JohannSebastian\Bach_BWV_778.musicxml,Bach_JohannSebastian,Bach_BWV_778,11,,,,note,A#4,A#,A,1.0,4,70.0,10.0,0.125,21.0
226,..\data\scores\Bach_JohannSebastian\Bach_BWV_778.musicxml,Bach_JohannSebastian,Bach_BWV_778,11,,,,note,F#5,F#,F,1.0,5,78.0,6.0,0.0625,21.25
227,..\data\scores\Bach_JohannSebastian\Bach_BWV_778.musicxml,Bach_JohannSebastian,Bach_BWV_778,11,,,,note,E5,E,E,0.0,5,76.0,4.0,0.0625,21.375
228,..\data\scores\Bach_JohannSebastian\Bach_BWV_778.musicxml,Bach_JohannSebastian,Bach_BWV_778,11,,,,note,D5,D,D,0.0,5,74.0,2.0,0.0625,21.5
229,..\data\scores\Bach_JohannSebastian\Bach_BWV_778.musicxml,Bach_JohannSebastian,Bach_BWV_778,11,,,,note,C#5,C#,C,1.0,5,73.0,1.0,0.0625,21.625
230,..\data\scores\Bach_JohannSebastian\Bach_BWV_778.musicxml,Bach_JohannSebastian,Bach_BWV_778,11,,,,note,D5,D,D,0.0,5,74.0,2.0,0.0625,21.75
231,..\data\scores\Bach_JohannSebastian\Bach_BWV_778.musicxml,Bach_JohannSebastian,Bach_BWV_778,11,,,,note,B4,B,B,0.0,4,71.0,11.0,0.0625,21.875
232,..\data\scores\Bach_JohannSebastian\Bach_BWV_778.musicxml,Bach_JohannSebastian,Bach_BWV_778,11,,,,note,F#3,F#,F,1.0,3,54.0,6.0,0.125,20.0
233,..\data\scores\Bach_JohannSebastian\Bach_BWV_778.musicxml,Bach_JohannSebastian,Bach_BWV_778,11,,,,note,A#2,A#,A,1.0,2,46.0,10.0,0.125,20.25
234,..\data\scores\Bach_JohannSebastian\Bach_BWV_778.musicxml,Bach_JohannSebastian,Bach_BWV_778,11,,,,note,B2,B,B,0.0,2,47.0,11.0,0.125,20.5
235,..\data\scores\Bach_JohannSebastian\Bach_BWV_778.musicxml,Bach_JohannSebastian,Bach_BWV_778,11,,,,note,G2,G,G,0.0,2,43.0,7.0,0.125,20.75
236,..\data\scores\Bach_JohannSebastian\Bach_BWV_778.musicxml,Bach_JohannSebastian,Bach_BWV_778,11,,,,note,F#2,F#,F,1.0,2,42.0,6.0,0.25,21.0
237,..\data\scores\Bach_JohannSebastian\Bach_BWV_778.musicxml,Bach_JohannSebastian,Bach_BWV_778,11,,,,rest,,,,,,,,0.125,21.5
238,..\data\scores\Bach_JohannSebastian\Bach_BWV_778.musicxml,Bach_JohannSebastian,Bach_BWV_778,11,,,,note,B3,B,B,0.0,3,59.0,11.0,0.0625,21.75
239,..\data\scores\Bach_JohannSebastian\Bach_BWV_778.musicxml,Bach_JohannSebastian,Bach_BWV_778,11,,,,note,A3,A,A,0.0,3,57.0,9.0,0.0625,21.875
240,..\data\scores\Bach_JohannSebastian\Bach_BWV_778.musicxml,Bach_JohannSebastian,Bach_BWV_778,12,,,,note,E5,E,E,0.0,5,76.0,4.0,0.125,22.0
241,..\data\scores\Bach_JohannSebastian\Bach_BWV_778.musicxml,Bach_JohannSebastian,Bach_BWV_778,12,,,,note,B5,B,B,0.0,5,83.0,11.0,0.0625,22.25
242,..\data\scores\Bach_JohannSebastian\Bach_BWV_778.musicxml,Bach_JohannSebastian,Bach_BWV_778,12,,,,note,A5,A,A,0.0,5,81.0,9.0,0.0625,22.375
243,..\data\scores\Bach_JohannSebastian\Bach_BWV_778.musicxml,Bach_JohannSebastian,Bach_BWV_778,12,,,,note,G5,G,G,0.0,5,79.0,7.0,0.0625,22.5
244,..\data\scores\Bach_JohannSebastian\Bach_BWV_778.musicxml,Bach_JohannSebastian,Bach_BWV_778,12,,,,note,F#5,F#,F,1.0,5,78.0,6.0,0.0625,22.625
245,..\data\scores\Bach_JohannSebastian\Bach_BWV_778.musicxml,Bach_JohannSebastian,Bach_BWV_778,12,,,,note,G5,G,G,0.0,5,79.0,7.0,0.0625,22.75
246,..\data\scores\Bach_JohannSebastian\Bach_BWV_778.musicxml,Bach_JohannSebastian,Bach_BWV_778,12,,,,note,E5,E,E,0.0,5,76.0,4.0,0.0625,22.875
247,..\data\scores\Bach_JohannSebastian\Bach_BWV_778.musicxml,Bach_JohannSebastian,Bach_BWV_778,12,,,,note,A#5,A#,A,1.0,5,82.0,10.0,0.125,23.0
248,..\data\scores\Bach_JohannSebastian\Bach_BWV_778.musicxml,Bach_JohannSebastian,Bach_BWV_778,12,,,,note,C#5,C#,C,1.0,5,73.0,1.0,0.125,23.25
249,..\data\scores\Bach_JohannSebastian\Bach_BWV_778.musicxml,Bach_JohannSebastian,Bach_BWV_778,12,,,,note,F#5,F#,F,1.0,5,78.0,6.0,0.125,23.5
250,..\data\scores\Bach_JohannSebastian\Bach_BWV_778.musicxml,Bach_JohannSebastian,Bach_BWV_778,12,,,,note,A#4,A#,A,1.0,4,70.0,10.0,0.125,23.75
251,..\data\scores\Bach_JohannSebastian\Bach_BWV_778.musicxml,Bach_JohannSebastian,Bach_BWV_778,12,,,,note,G3,G,G,0.0,3,55.0,7.0,0.0625,22.0
252,..\data\scores\Bach_JohannSebastian\Bach_BWV_778.musicxml,Bach_JohannSebastian,Bach_BWV_778,12,,,,note,F#3,F#,F,1.0,3,54.0,6.0,0.0625,22.125
253,..\data\scores\Bach_JohannSebastian\Bach_BWV_778.musicxml,Bach_JohannSebastian,Bach_BWV_778,12,,,,note,G3,G,G,0.0,3,55.0,7.0,0.0625,22.25
254,..\data\scores\Bach_JohannSebastian\Bach_BWV_778.musicxml,Bach_JohannSebastian,Bach_BWV_778,12,,,,note,E3,E,E,0.0,3,52.0,4.0,0.0625,22.375
255,..\data\scores\Bach_JohannSebastian\Bach_BWV_778.musicxml,Bach_JohannSebastian,Bach_BWV_778,12,,,,note,D4,D,D,0.0,4,62.0,2.0,0.1875,22.5
256,..\data\scores\Bach_JohannSebastian\Bach_BWV_778.musicxml,Bach_JohannSebastian,Bach_BWV_778,12,,,,note,E4,E,E,0.0,4,64.0,4.0,0.0625,22.875
257,..\data\scores\Bach_JohannSebastian\Bach_BWV_778.musicxml,Bach_JohannSebastian,Bach_BWV_778,12,,,,note,C#4,C#,C,1.0,4,61.0,1.0,0.125,23.0
258,..\data\scores\Bach_JohannSebastian\Bach_BWV_778.musicxml,Bach_JohannSebastian,Bach_BWV_778,12,,,,note,G4,G,G,0.0,4,67.0,7.0,0.0625,23.25
259,..\data\scores\Bach_JohannSebastian\Bach_BWV_778.musicxml,Bach_JohannSebastian,Bach_BWV_778,12,,,,note,F#4,F#,F,1.0,4,66.0,6.0,0.0625,23.375
260,..\data\scores\Bach_JohannSebastian\Bach_BWV_778.musicxml,Bach_JohannSebastian,Bach_BWV_778,12,,,,note,E4,E,E,0.0,4,64.0,4.0,0.0625,23.5
261,..\data\scores\Bach_JohannSebastian\Bach_BWV_778.musicxml,Bach_JohannSebastian,Bach_BWV_778,12,,,,note,D4,D,D,0.0,4,62.0,2.0,0.0625,23.625
262,..\data\scores\Bach_JohannSebastian\Bach_BWV_778.musicxml,Bach_JohannSebastian,Bach_BWV_778,12,,,,note,E4,E,E,0.0,4,64.0,4.0,0.0625,23.75
263,..\data\scores\Bach_JohannSebastian\Bach_BWV_778.musicxml,Bach_JohannSebastian,Bach_BWV_778,12,,,,note,C#4,C#,C,1.0,4,61.0,1.0,0.0625,23.875
264,..\data\scores\Bach_JohannSebastian\Bach_BWV_778.musicxml,Bach_JohannSebastian,Bach_BWV_778,13,,,,note,B4,B,B,0.0,4,71.0,11.0,0.1875,24.0
265,..\data\scores\Bach_JohannSebastian\Bach_BWV_778.musicxml,Bach_JohannSebastian,Bach_BWV_778,13,,,,note,C#5,C#,C,1.0,5,73.0,1.0,0.0625,24.375
266,..\data\scores\Bach_JohannSebastian\Bach_BWV_778.musicxml,Bach_JohannSebastian,Bach_BWV_778,13,,,,note,C#5,C#,C,1.0,5,73.0,1.0,0.1875,24.5
267,..\data\scores\Bach_JohannSebastian\Bach_BWV_778.musicxml,Bach_JohannSebastian,Bach_BWV_778,13,,,,note,B4,B,B,0.0,4,71.0,11.0,0.0625,24.875
268,..\data\scores\Bach_JohannSebastian\Bach_BWV_778.musicxml,Bach_JohannSebastian,Bach_BWV_778,13,,,,note,B4,B,B,0.0,4,71.0,11.0,0.125,25.0
269,..\data\scores\Bach_JohannSebastian\Bach_BWV_778.musicxml,Bach_JohannSebastian,Bach_BWV_778,13,,,,note,D5,D,D,0.0,5,74.0,2.0,0.125,25.25
270,..\data\scores\Bach_JohannSebastian\Bach_BWV_778.musicxml,Bach_JohannSebastian,Bach_BWV_778,13,,,,note,E4,E,E,0.0,4,64.0,4.0,0.125,25.5
271,..\data\scores\Bach_JohannSebastian\Bach_BWV_778.musicxml,Bach_JohannSebastian,Bach_BWV_778,13,,,,note,D5,D,D,0.0,5,74.0,2.0,0.125,25.75
272,..\data\scores\Bach_JohannSebastian\Bach_BWV_778.musicxml,Bach_JohannSebastian,Bach_BWV_778,13,,,,note,D4,D,D,0.0,4,62.0,2.0,0.0625,24.0
273,..\data\scores\Bach_JohannSebastian\Bach_BWV_778.musicxml,Bach_JohannSebastian,Bach_BWV_778,13,,,,note,C#4,C#,C,1.0,4,61.0,1.0,0.0625,24.125
274,..\data\scores\Bach_JohannSebastian\Bach_BWV_778.musicxml,Bach_JohannSebastian,Bach_BWV_778,13,,,,note,D4,D,D,0.0,4,62.0,2.0,0.0625,24.25
275,..\data\scores\Bach_JohannSebastian\Bach_BWV_778.musicxml,Bach_JohannSebastian,Bach_BWV_778,13,,,,note,B3,B,B,0.0,3,59.0,11.0,0.0625,24.375
276,..\data\scores\Bach_JohannSebastian\Bach_BWV_778.musicxml,Bach_JohannSebastian,Bach_BWV_778,13,,,,note,F#4,F#,F,1.0,4,66.0,6.0,0.125,24.5
277,..\data\scores\Bach_JohannSebastian\Bach_BWV_778.musicxml,Bach_JohannSebastian,Bach_BWV_778,13,,,,note,F#3,F#,F,1.0,3,54.0,6.0,0.125,24.75
278,..\data\scores\Bach_JohannSebastian\Bach_BWV_778.musicxml,Bach_JohannSebastian,Bach_BWV_778,13,,,,note,B3,B,B,0.0,3,59.0,11.0,0.0625,25.0
279,..\data\scores\Bach_JohannSebastian\Bach_BWV_778.musicxml,Bach_JohannSebastian,Bach_BWV_778,13,,,,note,C4,C,C,0.0,4,60.0,0.0,0.0625,25.125
280,..\data\scores\Bach_JohannSebastian\Bach_BWV_778.musicxml,Bach_JohannSebastian,Bach_BWV_778,13,,,,note,B3,B,B,0.0,3,59.0,11.0,0.0625,25.25
281,..\data\scores\Bach_JohannSebastian\Bach_BWV_778.musicxml,Bach_JohannSebastian,Bach_BWV_778,13,,,,note,A3,A,A,0.0,3,57.0,9.0,0.0625,25.375
282,..\data\scores\Bach_JohannSebastian\Bach_BWV_778.musicxml,Bach_JohannSebastian,Bach_BWV_778,13,,,,note,G#3,G#,G,1.0,3,56.0,8.0,0.0625,25.5
283,..\data\scores\Bach_JohannSebastian\Bach_BWV_778.musicxml,Bach_JohannSebastian,Bach_BWV_778,13,,,,note,F#3,F#,F,1.0,3,54.0,6.0,0.0625,25.625
284,..\data\scores\Bach_JohannSebastian\Bach_BWV_778.musicxml,Bach_JohannSebastian,Bach_BWV_778,13,,,,note,G#3,G#,G,1.0,3,56.0,8.0,0.0625,25.75
285,..\data\scores\Bach_JohannSebastian\Bach_BWV_778.musicxml,Bach_JohannSebastian,Bach_BWV_778,13,,,,note,E3,E,E,0.0,3,52.0,4.0,0.0625,25.875
286,..\data\scores\Bach_JohannSebastian\Bach_BWV_778.musicxml,Bach_JohannSebastian,Bach_BWV_778,14,,,,note,C5,C,C,0.0,5,72.0,0.0,0.125,26.0
287,..\data\scores\Bach_JohannSebastian\Bach_BWV_778.musicxml,Bach_JohannSebastian,Bach_BWV_778,14,,,,note,A4,A,A,0.0,4,69.0,9.0,0.125,26.25
288,..\data\scores\Bach_JohannSebastian\Bach_BWV_778.musicxml,Bach_JohannSebastian,Bach_BWV_778,14,,,,note,D4,D,D,0.0,4,62.0,2.0,0.125,26.5
289,..\data\scores\Bach_JohannSebastian\Bach_BWV_778.musicxml,Bach_JohannSebastian,Bach_BWV_778,14,,,,note,C5,C,C,0.0,5,72.0,0.0,0.125,26.75
290,..\data\scores\Bach_JohannSebastian\Bach_BWV_778.musicxml,Bach_JohannSebastian,Bach_BWV_778,14,,,,note,B4,B,B,0.0,4,71.0,11.0,0.125,27.0
291,..\data\scores\Bach_JohannSebastian\Bach_BWV_778.musicxml,Bach_JohannSebastian,Bach_BWV_778,14,,,,note,D5,D,D,0.0,5,74.0,2.0,0.125,27.25
292,..\data\scores\Bach_JohannSebastian\Bach_BWV_778.musicxml,Bach_JohannSebastian,Bach_BWV_778,14,,,,note,G5,G,G,0.0,5,79.0,7.0,0.125,27.5
293,..\data\scores\Bach_JohannSebastian\Bach_BWV_778.musicxml,Bach_JohannSebastian,Bach_BWV_778,14,,,,note,B4,B,B,0.0,4,71.0,11.0,0.125,27.75
294,..\data\scores\Bach_JohannSebastian\Bach_BWV_778.musicxml,Bach_JohannSebastian,Bach_BWV_778,14,,,,note,A3,A,A,0.0,3,57.0,9.0,0.0625,26.0
295,..\data\scores\Bach_JohannSebastian\Bach_BWV_778.musicxml,Bach_JohannSebastian,Bach_BWV_778,14,,,,note,B3,B,B,0.0,3,59.0,11.0,0.0625,26.125
296,..\data\scores\Bach_JohannSebastian\Bach_BWV_778.musicxml,Bach_JohannSebastian,Bach_BWV_778,14,,,,note,A3,A,A,0.0,3,57.0,9.0,0.0625,26.25
297,..\data\scores\Bach_JohannSebastian\Bach_BWV_778.musicxml,Bach_JohannSebastian,Bach_BWV_778,14,,,,note,G3,G,G,0.0,3,55.0,7.0,0.0625,26.375
298,..\data\scores\Bach_JohannSebastian\Bach_BWV_778.musicxml,Bach_JohannSebastian,Bach_BWV_778,14,,,,note,F#3,F#,F,1.0,3,54.0,6.0,0.0625,26.5
299,..\data\scores\Bach_JohannSebastian\Bach_BWV_778.musicxml,Bach_JohannSebastian,Bach_BWV_778,14,,,,note,E3,E,E,0.0,3,52.0,4.0,0.0625,26.625
300,..\data\scores\Bach_JohannSebastian\Bach_BWV_778.musicxml,Bach_JohannSebastian,Bach_BWV_778,14,,,,note,F#3,F#,F,1.0,3,54.0,6.0,0.0625,26.75
301,..\data\scores\Bach_JohannSebastian\Bach_BWV_778.musicxml,Bach_JohannSebastian,Bach_BWV_778,14,,,,note,D3,D,D,0.0,3,50.0,2.0,0.0625,26.875
302,..\data\scores\Bach_JohannSebastian\Bach_BWV_778.musicxml,Bach_JohannSebastian,Bach_BWV_778,14,,,,note,G3,G,G,0.0,3,55.0,7.0,0.0625,27.0
303,..\data\scores\Bach_JohannSebastian\Bach_BWV_778.musicxml,Bach_JohannSebastian,Bach_BWV_778,14,,,,note,A3,A,A,0.0,3,57.0,9.0,0.0625,27.125
304,..\data\scores\Bach_JohannSebastian\Bach_BWV_778.musicxml,Bach_JohannSebastian,Bach_BWV_778,14,,,,note,G3,G,G,0.0,3,55.0,7.0,0.0625,27.25
305,..\data\scores\Bach_JohannSebastian\Bach_BWV_778.musicxml,Bach_JohannSebastian,Bach_BWV_778,14,,,,note,F#3,F#,F,1.0,3,54.0,6.0,0.0625,27.375
306,..\data\scores\Bach_JohannSebastian\Bach_BWV_778.musicxml,Bach_JohannSebastian,Bach_BWV_778,14,,,,note,E3,E,E,0.0,3,52.0,4.0,0.0625,27.5
307,..\data\scores\Bach_JohannSebastian\Bach_BWV_778.musicxml,Bach_JohannSebastian,Bach_BWV_778,14,,,,note,D3,D,D,0.0,3,50.0,2.0,0.0625,27.625
308,..\data\scores\Bach_JohannSebastian\Bach_BWV_778.musicxml,Bach_JohannSebastian,Bach_BWV_778,14,,,,note,E3,E,E,0.0,3,52.0,4.0,0.0625,27.75
309,..\data\scores\Bach_JohannSebastian\Bach_BWV_778.musicxml,Bach_JohannSebastian,Bach_BWV_778,14,,,,note,C#3,C#,C,1.0,3,49.0,1.0,0.0625,27.875
310,..\data\scores\Bach_JohannSebastian\Bach_BWV_778.musicxml,Bach_JohannSebastian,Bach_BWV_778,15,,,,note,A4,A,A,0.0,4,69.0,9.0,0.125,28.0
311,..\data\scores\Bach_JohannSebastian\Bach_BWV_778.musicxml,Bach_JohannSebastian,Bach_BWV_778,15,,,,note,F#5,F#,F,1.0,5,78.0,6.0,0.125,28.25
312,..\data\scores\Bach_JohannSebastian\Bach_BWV_778.musicxml,Bach_JohannSebastian,Bach_BWV_778,15,,,,note,G4,G,G,0.0,4,67.0,7.0,0.125,28.5
313,..\data\scores\Bach_JohannSebastian\Bach_BWV_778.musicxml,Bach_JohannSebastian,Bach_BWV_778,15,,,,note,E5,E,E,0.0,5,76.0,4.0,0.125,28.75
314,..\data\scores\Bach_JohannSebastian\Bach_BWV_778.musicxml,Bach_JohannSebastian,Bach_BWV_778,15,,,,note,D#5,D#,D,1.0,5,75.0,3.0,0.125,29.0
315,..\data\scores\Bach_JohannSebastian\Bach_BWV_778.musicxml,Bach_JohannSebastian,Bach_BWV_778,15,,,,note,F#5,F#,F,1.0,5,78.0,6.0,0.0625,29.25
316,..\data\scores\Bach_JohannSebastian\Bach_BWV_778.musicxml,Bach_JohannSebastian,Bach_BWV_778,15,,,,note,E5,E,E,0.0,5,76.0,4.0,0.0625,29.375
317,..\data\scores\Bach_JohannSebastian\Bach_BWV_778.musicxml,Bach_JohannSebastian,Bach_BWV_778,15,,,,note,D#5,D#,D,1.0,5,75.0,3.0,0.0625,29.5
318,..\data\scores\Bach_JohannSebastian\Bach_BWV_778.musicxml,Bach_JohannSebastian,Bach_BWV_778,15,,,,note,C#5,C#,C,1.0,5,73.0,1.0,0.0625,29.625
319,..\data\scores\Bach_JohannSebastian\Bach_BWV_778.musicxml,Bach_JohannSebastian,Bach_BWV_778,15,,,,note,B4,B,B,0.0,4,71.0,11.0,0.0625,29.75
320,..\data\scores\Bach_JohannSebastian\Bach_BWV_778.musicxml,Bach_JohannSebastian,Bach_BWV_778,15,,,,note,A4,A,A,0.0,4,69.0,9.0,0.0625,29.875
321,..\data\scores\Bach_JohannSebastian\Bach_BWV_778.musicxml,Bach_JohannSebastian,Bach_BWV_778,15,,,,note,D#3,D#,D,1.0,3,51.0,3.0,0.0625,28.0
322,..\data\scores\Bach_JohannSebastian\Bach_BWV_778.musicxml,Bach_JohannSebastian,Bach_BWV_778,15,,,,note,C#3,C#,C,1.0,3,49.0,1.0,0.0625,28.125
323,..\data\scores\Bach_JohannSebastian\Bach_BWV_778.musicxml,Bach_JohannSebastian,Bach_BWV_778,15,,,,note,D#3,D#,D,1.0,3,51.0,3.0,0.0625,28.25
324,..\data\scores\Bach_JohannSebastian\Bach_BWV_778.musicxml,Bach_JohannSebastian,Bach_BWV_778,15,,,,note,B2,B,B,0.0,2,47.0,11.0,0.0625,28.375
325,..\data\scores\Bach_JohannSebastian\Bach_BWV_778.musicxml,Bach_JohannSebastian,Bach_BWV_778,15,,,,note,E3,E,E,0.0,3,52.0,4.0,0.0625,28.5
326,..\data\scores\Bach_JohannSebastian\Bach_BWV_778.musicxml,Bach_JohannSebastian,Bach_BWV_778,15,,,,note,D#3,D#,D,1.0,3,51.0,3.0,0.0625,28.625
327,..\data\scores\Bach_JohannSebastian\Bach_BWV_778.musicxml,Bach_JohannSebastian,Bach_BWV_778,15,,,,note,E3,E,E,0.0,3,52.0,4.0,0.0625,28.75
328,..\data\scores\Bach_JohannSebastian\Bach_BWV_778.musicxml,Bach_JohannSebastian,Bach_BWV_778,15,,,,note,E2,E,E,0.0,2,40.0,4.0,0.0625,28.875
329,..\data\scores\Bach_JohannSebastian\Bach_BWV_778.musicxml,Bach_JohannSebastian,Bach_BWV_778,15,,,,note,B2,B,B,0.0,2,47.0,11.0,0.5,29.0
330,..\data\scores\Bach_JohannSebastian\Bach_BWV_778.musicxml,Bach_JohannSebastian,Bach_BWV_778,16,,,,note,G4,G,G,0.0,4,67.0,7.0,0.0625,30.0
331,..\data\scores\Bach_JohannSebastian\Bach_BWV_778.musicxml,Bach_JohannSebastian,Bach_BWV_778,16,,,,note,F#4,F#,F,1.0,4,66.0,6.0,0.0625,30.125
332,..\data\scores\Bach_JohannSebastian\Bach_BWV_778.musicxml,Bach_JohannSebastian,Bach_BWV_778,16,,,,note,G4,G,G,0.0,4,67.0,7.0,0.0625,30.25
333,..\data\scores\Bach_JohannSebastian\Bach_BWV_778.musicxml,Bach_JohannSebastian,Bach_BWV_778,16,,,,note,B4,B,B,0.0,4,71.0,11.0,0.0625,30.375
334,..\data\scores\Bach_JohannSebastian\Bach_BWV_778.musicxml,Bach_JohannSebastian,Bach_BWV_778,16,,,,note,E5,E,E,0.0,5,76.0,4.0,0.0625,30.5
335,..\data\scores\Bach_JohannSebastian\Bach_BWV_778.musicxml,Bach_JohannSebastian,Bach_BWV_778,16,,,,note,B4,B,B,0.0,4,71.0,11.0,0.0625,30.625
336,..\data\scores\Bach_JohannSebastian\Bach_BWV_778.musicxml,Bach_JohannSebastian,Bach_BWV_778,16,,,,note,A4,A,A,0.0,4,69.0,9.0,0.0625,30.75
337,..\data\scores\Bach_JohannSebastian\Bach_BWV_778.musicxml,Bach_JohannSebastian,Bach_BWV_778,16,,,,note,G4,G,G,0.0,4,67.0,7.0,0.0625,30.875
338,..\data\scores\Bach_JohannSebastian\Bach_BWV_778.musicxml,Bach_JohannSebastian,Bach_BWV_778,16,,,,note,F#4,F#,F,1.0,4,66.0,6.0,0.0625,31.0
339,..\data\scores\Bach_JohannSebastian\Bach_BWV_778.musicxml,Bach_JohannSebastian,Bach_BWV_778,16,,,,note,E4,E,E,0.0,4,64.0,4.0,0.0625,31.125
340,..\data\scores\Bach_JohannSebastian\Bach_BWV_778.musicxml,Bach_JohannSebastian,Bach_BWV_778,16,,,,note,F#4,F#,F,1.0,4,66.0,6.0,0.0625,31.25
341,..\data\scores\Bach_JohannSebastian\Bach_BWV_778.musicxml,Bach_JohannSebastian,Bach_BWV_778,16,,,,note,A4,A,A,0.0,4,69.0,9.0,0.0625,31.375
342,..\data\scores\Bach_JohannSebastian\Bach_BWV_778.musicxml,Bach_JohannSebastian,Bach_BWV_778,16,,,,note,D5,D,D,0.0,5,74.0,2.0,0.0625,31.5
343,..\data\scores\Bach_JohannSebastian\Bach_BWV_778.musicxml,Bach_JohannSebastian,Bach_BWV_778,16,,,,note,A4,A,A,0.0,4,69.0,9.0,0.0625,31.625
344,..\data\scores\Bach_JohannSebastian\Bach_BWV_778.musicxml,Bach_JohannSebastian,Bach_BWV_778,16,,,,note,G4,G,G,0.0,4,67.0,7.0,0.0625,31.75
345,..\data\scores\Bach_JohannSebastian\Bach_BWV_778.musicxml,Bach_JohannSebastian,Bach_BWV_778,16,,,,note,F#4,F#,F,1.0,4,66.0,6.0,0.0625,31.875
346,..\data\scores\Bach_JohannSebastian\Bach_BWV_778.musicxml,Bach_JohannSebastian,Bach_BWV_778,16,,,,note,B2,B,B,0.0,2,47.0,11.0,1.0,30.0
347,..\data\scores\Bach_JohannSebastian\Bach_BWV_778.musicxml,Bach_JohannSebastian,Bach_BWV_778,17,,,,note,E4,E,E,0.0,4,64.0,4.0,0.0625,32.0
348,..\data\scores\Bach_JohannSebastian\Bach_BWV_778.musicxml,Bach_JohannSebastian,Bach_BWV_778,17,,,,note,D#4,D#,D,1.0,4,63.0,3.0,0.0625,32.125
349,..\data\scores\Bach_JohannSebastian\Bach_BWV_778.musicxml,Bach_JohannSebastian,Bach_BWV_778,17,,,,note,E4,E,E,0.0,4,64.0,4.0,0.0625,32.25
350,..\data\scores\Bach_JohannSebastian\Bach_BWV_778.musicxml,Bach_JohannSebastian,Bach_BWV_778,17,,,,note,G4,G,G,0.0,4,67.0,7.0,0.0625,32.375
351,..\data\scores\Bach_JohannSebastian\Bach_BWV_778.musicxml,Bach_JohannSebastian,Bach_BWV_778,17,,,,note,C5,C,C,0.0,5,72.0,0.0,0.0625,32.5
352,..\data\scores\Bach_JohannSebastian\Bach_BWV_778.musicxml,Bach_JohannSebastian,Bach_BWV_778,17,,,,note,G4,G,G,0.0,4,67.0,7.0,0.0625,32.625
353,..\data\scores\Bach_JohannSebastian\Bach_BWV_778.musicxml,Bach_JohannSebastian,Bach_BWV_778,17,,,,note,F#4,F#,F,1.0,4,66.0,6.0,0.0625,32.75
354,..\data\scores\Bach_JohannSebastian\Bach_BWV_778.musicxml,Bach_JohannSebastian,Bach_BWV_778,17,,,,note,E4,E,E,0.0,4,64.0,4.0,0.0625,32.875
355,..\data\scores\Bach_JohannSebastian\Bach_BWV_778.musicxml,Bach_JohannSebastian,Bach_BWV_778,17,,,,note,D#4,D#,D,1.0,4,63.0,3.0,0.0625,33.0
356,..\data\scores\Bach_JohannSebastian\Bach_BWV_778.musicxml,Bach_JohannSebastian,Bach_BWV_778,17,,,,note,C#4,C#,C,1.0,4,61.0,1.0,0.0625,33.125
357,..\data\scores\Bach_JohannSebastian\Bach_BWV_778.musicxml,Bach_JohannSebastian,Bach_BWV_778,17,,,,note,D#4,D#,D,1.0,4,63.0,3.0,0.0625,33.25
358,..\data\scores\Bach_JohannSebastian\Bach_BWV_778.musicxml,Bach_JohannSebastian,Bach_BWV_778,17,,,,note,F#4,F#,F,1.0,4,66.0,6.0,0.0625,33.375
359,..\data\scores\Bach_JohannSebastian\Bach_BWV_778.musicxml,Bach_JohannSebastian,Bach_BWV_778,17,,,,note,B4,B,B,0.0,4,71.0,11.0,0.125,33.5
360,..\data\scores\Bach_JohannSebastian\Bach_BWV_778.musicxml,Bach_JohannSebastian,Bach_BWV_778,17,,,,note,B4,B,B,0.0,4,71.0,11.0,0.125,33.75
361,..\data\scores\Bach_JohannSebastian\Bach_BWV_778.musicxml,Bach_JohannSebastian,Bach_BWV_778,17,,,,note,B2,B,B,0.0,2,47.0,11.0,0.75,32.0
362,..\data\scores\Bach_JohannSebastian\Bach_BWV_778.musicxml,Bach_JohannSebastian,Bach_BWV_778,17,,,,note,B2,B,B,0.0,2,47.0,11.0,0.0625,33.5
363,..\data\scores\Bach_JohannSebastian\Bach_BWV_778.musicxml,Bach_JohannSebastian,Bach_BWV_778,17,,,,note,C4,C,C,0.0,4,60.0,0.0,0.0625,33.625
364,..\data\scores\Bach_JohannSebastian\Bach_BWV_778.musicxml,Bach_JohannSebastian,Bach_BWV_778,17,,,,note,B3,B,B,0.0,3,59.0,11.0,0.0625,33.75
365,..\data\scores\Bach_JohannSebastian\Bach_BWV_778.musicxml,Bach_JohannSebastian,Bach_BWV_778,17,,,,note,A3,A,A,0.0,3,57.0,9.0,0.0625,33.875
366,..\data\scores\Bach_JohannSebastian\Bach_BWV_778.musicxml,Bach_JohannSebastian,Bach_BWV_778,18,,,,note,B4,B,B,0.0,4,71.0,11.0,0.25,34.0
367,..\data\scores\Bach_JohannSebastian\Bach_BWV_778.musicxml,Bach_JohannSebastian,Bach_BWV_778,18,,,,note,B4,B,B,0.0,4,71.0,11.0,0.0625,34.5
368,..\data\scores\Bach_JohannSebastian\Bach_BWV_778.musicxml,Bach_JohannSebastian,Bach_BWV_778,18,,,,note,D#5,D#,D,1.0,5,75.0,3.0,0.0625,34.625
369,..\data\scores\Bach_JohannSebastian\Bach_BWV_778.musicxml,Bach_JohannSebastian,Bach_BWV_778,18,,,,note,E5,E,E,0.0,5,76.0,4.0,0.0625,34.75
370,..\data\scores\Bach_JohannSebastian\Bach_BWV_778.musicxml,Bach_JohannSebastian,Bach_BWV_778,18,,,,note,G5,G,G,0.0,5,79.0,7.0,0.0625,34.875
371,..\data\scores\Bach_JohannSebastian\Bach_BWV_778.musicxml,Bach_JohannSebastian,Bach_BWV_778,18,,,,note,A4,A,A,0.0,4,69.0,9.0,0.25,35.0
372,..\data\scores\Bach_JohannSebastian\Bach_BWV_778.musicxml,Bach_JohannSebastian,Bach_BWV_778,18,,,,note,A4,A,A,0.0,4,69.0,9.0,0.0625,35.5
373,..\data\scores\Bach_JohannSebastian\Bach_BWV_778.musicxml,Bach_JohannSebastian,Bach_BWV_778,18,,,,note,C#5,C#,C,1.0,5,73.0,1.0,0.0625,35.625
374,..\data\scores\Bach_JohannSebastian\Bach_BWV_778.musicxml,Bach_JohannSebastian,Bach_BWV_778,18,,,,note,D#5,D#,D,1.0,5,75.0,3.0,0.0625,35.75
375,..\data\scores\Bach_JohannSebastian\Bach_BWV_778.musicxml,Bach_JohannSebastian,Bach_BWV_778,18,,,,note,F#5,F#,F,1.0,5,78.0,6.0,0.0625,35.875
376,..\data\scores\Bach_JohannSebastian\Bach_BWV_778.musicxml,Bach_JohannSebastian,Bach_BWV_778,18,,,,note,G3,G,G,0.0,3,55.0,7.0,0.0625,34.0
377,..\data\scores\Bach_JohannSebastian\Bach_BWV_778.musicxml,Bach_JohannSebastian,Bach_BWV_778,18,,,,note,F#3,F#,F,1.0,3,54.0,6.0,0.0625,34.125
378,..\data\scores\Bach_JohannSebastian\Bach_BWV_778.musicxml,Bach_JohannSebastian,Bach_BWV_778,18,,,,note,G3,G,G,0.0,3,55.0,7.0,0.0625,34.25
379,..\data\scores\Bach_JohannSebastian\Bach_BWV_778.musicxml,Bach_JohannSebastian,Bach_BWV_778,18,,,,note,B3,B,B,0.0,3,59.0,11.0,0.0625,34.375
380,..\data\scores\Bach_JohannSebastian\Bach_BWV_778.musicxml,Bach_JohannSebastian,Bach_BWV_778,18,,,,note,E4,E,E,0.0,4,64.0,4.0,0.0625,34.5
381,..\data\scores\Bach_JohannSebastian\Bach_BWV_778.musicxml,Bach_JohannSebastian,Bach_BWV_778,18,,,,note,B3,B,B,0.0,3,59.0,11.0,0.0625,34.625
382,..\data\scores\Bach_JohannSebastian\Bach_BWV_778.musicxml,Bach_JohannSebastian,Bach_BWV_778,18,,,,note,A3,A,A,0.0,3,57.0,9.0,0.0625,34.75
383,..\data\scores\Bach_JohannSebastian\Bach_BWV_778.musicxml,Bach_JohannSebastian,Bach_BWV_778,18,,,,note,G3,G,G,0.0,3,55.0,7.0,0.0625,34.875
384,..\data\scores\Bach_JohannSebastian\Bach_BWV_778.musicxml,Bach_JohannSebastian,Bach_BWV_778,18,,,,note,F#3,F#,F,1.0,3,54.0,6.0,0.0625,35.0
385,..\data\scores\Bach_JohannSebastian\Bach_BWV_778.musicxml,Bach_JohannSebastian,Bach_BWV_778,18,,,,note,E3,E,E,0.0,3,52.0,4.0,0.0625,35.125
386,..\data\scores\Bach_JohannSebastian\Bach_BWV_778.musicxml,Bach_JohannSebastian,Bach_BWV_778,18,,,,note,F#3,F#,F,1.0,3,54.0,6.0,0.0625,35.25
387,..\data\scores\Bach_JohannSebastian\Bach_BWV_778.musicxml,Bach_JohannSebastian,Bach_BWV_778,18,,,,note,A3,A,A,0.0,3,57.0,9.0,0.0625,35.375
388,..\data\scores\Bach_JohannSebastian\Bach_BWV_778.musicxml,Bach_JohannSebastian,Bach_BWV_778,18,,,,note,D#4,D#,D,1.0,4,63.0,3.0,0.0625,35.5
389,..\data\scores\Bach_JohannSebastian\Bach_BWV_778.musicxml,Bach_JohannSebastian,Bach_BWV_778,18,,,,note,A3,A,A,0.0,3,57.0,9.0,0.0625,35.625
390,..\data\scores\Bach_JohannSebastian\Bach_BWV_778.musicxml,Bach_JohannSebastian,Bach_BWV_778,18,,,,note,G3,G,G,0.0,3,55.0,7.0,0.0625,35.75
391,..\data\scores\Bach_JohannSebastian\Bach_BWV_778.musicxml,Bach_JohannSebastian,Bach_BWV_778,18,,,,note,F#3,F#,F,1.0,3,54.0,6.0,0.0625,35.875
392,..\data\scores\Bach_JohannSebastian\Bach_BWV_778.musicxml,Bach_JohannSebastian,Bach_BWV_778,19,,,,note,G4,G,G,0.0,4,67.0,7.0,0.25,36.0
393,..\data\scores\Bach_JohannSebastian\Bach_BWV_778.musicxml,Bach_JohannSebastian,Bach_BWV_778,19,,,,note,G4,G,G,0.0,4,67.0,7.0,0.0625,36.5
394,..\data\scores\Bach_JohannSebastian\Bach_BWV_778.musicxml,Bach_JohannSebastian,Bach_BWV_778,19,,,,note,B4,B,B,0.0,4,71.0,11.0,0.0625,36.625
395,..\data\scores\Bach_JohannSebastian\Bach_BWV_778.musicxml,Bach_JohannSebastian,Bach_BWV_778,19,,,,note,D#5,D#,D,1.0,5,75.0,3.0,0.0625,36.75
396,..\data\scores\Bach_JohannSebastian\Bach_BWV_778.musicxml,Bach_JohannSebastian,Bach_BWV_778,19,,,,note,E5,E,E,0.0,5,76.0,4.0,0.0625,36.875
397,..\data\scores\Bach_JohannSebastian\Bach_BWV_778.musicxml,Bach_JohannSebastian,Bach_BWV_778,19,,,,note,F#4,F#,F,1.0,4,66.0,6.0,0.0625,37.0
398,..\data\scores\Bach_JohannSebastian\Bach_BWV_778.musicxml,Bach_JohannSebastian,Bach_BWV_778,19,,,,note,A4,A,A,0.0,4,69.0,9.0,0.0625,37.125
399,..\data\scores\Bach_JohannSebastian\Bach_BWV_778.musicxml,Bach_JohannSebastian,Bach_BWV_778,19,,,,note,B4,B,B,0.0,4,71.0,11.0,0.0625,37.25
400,..\data\scores\Bach_JohannSebastian\Bach_BWV_778.musicxml,Bach_JohannSebastian,Bach_BWV_778,19,,,,note,C5,C,C,0.0,5,72.0,0.0,0.0625,37.375
401,..\data\scores\Bach_JohannSebastian\Bach_BWV_778.musicxml,Bach_JohannSebastian,Bach_BWV_778,19,,,,note,E4,E,E,0.0,4,64.0,4.0,0.0625,37.5
402,..\data\scores\Bach_JohannSebastian\Bach_BWV_778.musicxml,Bach_JohannSebastian,Bach_BWV_778,19,,,,note,F#4,F#,F,1.0,4,66.0,6.0,0.0625,37.625
403,..\data\scores\Bach_JohannSebastian\Bach_BWV_778.musicxml,Bach_JohannSebastian,Bach_BWV_778,19,,,,note,G4,G,G,0.0,4,67.0,7.0,0.0625,37.75
404,..\data\scores\Bach_JohannSebastian\Bach_BWV_778.musicxml,Bach_JohannSebastian,Bach_BWV_778,19,,,,note,A4,A,A,0.0,4,69.0,9.0,0.0625,37.875
405,..\data\scores\Bach_JohannSebastian\Bach_BWV_778.musicxml,Bach_JohannSebastian,Bach_BWV_778,19,,,,note,E3,E,E,0.0,3,52.0,4.0,0.0625,36.0
406,..\data\scores\Bach_JohannSebastian\Bach_BWV_778.musicxml,Bach_JohannSebastian,Bach_BWV_778,19,,,,note,D#3,D#,D,1.0,3,51.0,3.0,0.0625,36.125
407,..\data\scores\Bach_JohannSebastian\Bach_BWV_778.musicxml,Bach_JohannSebastian,Bach_BWV_778,19,,,,note,E3,E,E,0.0,3,52.0,4.0,0.0625,36.25
408,..\data\scores\Bach_JohannSebastian\Bach_BWV_778.musicxml,Bach_JohannSebastian,Bach_BWV_778,19,,,,note,G3,G,G,0.0,3,55.0,7.0,0.0625,36.375
409,..\data\scores\Bach_JohannSebastian\Bach_BWV_778.musicxml,Bach_JohannSebastian,Bach_BWV_778,19,,,,note,C4,C,C,0.0,4,60.0,0.0,0.0625,36.5
410,..\data\scores\Bach_JohannSebastian\Bach_BWV_778.musicxml,Bach_JohannSebastian,Bach_BWV_778,19,,,,note,G3,G,G,0.0,3,55.0,7.0,0.0625,36.625
411,..\data\scores\Bach_JohannSebastian\Bach_BWV_778.musicxml,Bach_JohannSebastian,Bach_BWV_778,19,,,,note,F#3,F#,F,1.0,3,54.0,6.0,0.0625,36.75
412,..\data\scores\Bach_JohannSebastian\Bach_BWV_778.musicxml,Bach_JohannSebastian,Bach_BWV_778,19,,,,note,E3,E,E,0.0,3,52.0,4.0,0.0625,36.875
413,..\data\scores\Bach_JohannSebastian\Bach_BWV_778.musicxml,Bach_JohannSebastian,Bach_BWV_778,19,,,,note,D#3,D#,D,1.0,3,51.0,3.0,0.125,37.0
414,..\data\scores\Bach_JohannSebastian\Bach_BWV_778.musicxml,Bach_JohannSebastian,Bach_BWV_778,19,,,,note,B2,B,B,0.0,2,47.0,11.0,0.125,37.25
415,..\data\scores\Bach_JohannSebastian\Bach_BWV_778.musicxml,Bach_JohannSebastian,Bach_BWV_778,19,,,,rest,,,,,,,,0.25,37.5
416,..\data\scores\Bach_JohannSebastian\Bach_BWV_778.musicxml,Bach_JohannSebastian,Bach_BWV_778,20,,,,note,B3,B,B,0.0,3,59.0,11.0,0.125,38.0
417,..\data\scores\Bach_JohannSebastian\Bach_BWV_778.musicxml,Bach_JohannSebastian,Bach_BWV_778,20,,,,note,A4,A,A,0.0,4,69.0,9.0,0.125,38.25
418,..\data\scores\Bach_JohannSebastian\Bach_BWV_778.musicxml,Bach_JohannSebastian,Bach_BWV_778,20,,,,note,A4,A,A,0.0,4,69.0,9.0,0.0625,38.5
419,..\data\scores\Bach_JohannSebastian\Bach_BWV_778.musicxml,Bach_JohannSebastian,Bach_BWV_778,20,,,,note,F#4,F#,F,1.0,4,66.0,6.0,0.0625,38.625
420,..\data\scores\Bach_JohannSebastian\Bach_BWV_778.musicxml,Bach_JohannSebastian,Bach_BWV_778,20,,,,note,B4,B,B,0.0,4,71.0,11.0,0.0625,38.75
421,..\data\scores\Bach_JohannSebastian\Bach_BWV_778.musicxml,Bach_JohannSebastian,Bach_BWV_778,20,,,,note,F#4,F#,F,1.0,4,66.0,6.0,0.0625,38.875
422,..\data\scores\Bach_JohannSebastian\Bach_BWV_778.musicxml,Bach_JohannSebastian,Bach_BWV_778,20,,,,note,G4,G,G,0.0,4,67.0,7.0,0.125,39.0
423,..\data\scores\Bach_JohannSebastian\Bach_BWV_778.musicxml,Bach_JohannSebastian,Bach_BWV_778,20,,,,note,E4,E,E,0.0,4,64.0,4.0,0.125,39.25
424,..\data\scores\Bach_JohannSebastian\Bach_BWV_778.musicxml,Bach_JohannSebastian,Bach_BWV_778,20,,,,note,C5,C,C,0.0,5,72.0,0.0,0.1875,39.5
425,..\data\scores\Bach_JohannSebastian\Bach_BWV_778.musicxml,Bach_JohannSebastian,Bach_BWV_778,20,,,,note,C5,C,C,0.0,5,72.0,0.0,0.0625,39.875
426,..\data\scores\Bach_JohannSebastian\Bach_BWV_778.musicxml,Bach_JohannSebastian,Bach_BWV_778,20,,,,rest,,,,,,,,0.0625,38.0
427,..\data\scores\Bach_JohannSebastian\Bach_BWV_778.musicxml,Bach_JohannSebastian,Bach_BWV_778,20,,,,note,G3,G,G,0.0,3,55.0,7.0,0.0625,38.125
428,..\data\scores\Bach_JohannSebastian\Bach_BWV_778.musicxml,Bach_JohannSebastian,Bach_BWV_778,20,,,,note,F#3,F#,F,1.0,3,54.0,6.0,0.0625,38.25
429,..\data\scores\Bach_JohannSebastian\Bach_BWV_778.musicxml,Bach_JohannSebastian,Bach_BWV_778,20,,,,note,E3,E,E,0.0,3,52.0,4.0,0.0625,38.375
430,..\data\scores\Bach_JohannSebastian\Bach_BWV_778.musicxml,Bach_JohannSebastian,Bach_BWV_778,20,,,,note,D#3,D#,D,1.0,3,51.0,3.0,0.0625,38.5
431,..\data\scores\Bach_JohannSebastian\Bach_BWV_778.musicxml,Bach_JohannSebastian,Bach_BWV_778,20,,,,note,C#3,C#,C,1.0,3,49.0,1.0,0.0625,38.625
432,..\data\scores\Bach_JohannSebastian\Bach_BWV_778.musicxml,Bach_JohannSebastian,Bach_BWV_778,20,,,,note,D#3,D#,D,1.0,3,51.0,3.0,0.0625,38.75
433,..\data\scores\Bach_JohannSebastian\Bach_BWV_778.musicxml,Bach_JohannSebastian,Bach_BWV_778,20,,,,note,B2,B,B,0.0,2,47.0,11.0,0.0625,38.875
434,..\data\scores\Bach_JohannSebastian\Bach_BWV_778.musicxml,Bach_JohannSebastian,Bach_BWV_778,20,,,,note,E3,E,E,0.0,3,52.0,4.0,0.0625,39.0
435,..\data\scores\Bach_JohannSebastian\Bach_BWV_778.musicxml,Bach_JohannSebastian,Bach_BWV_778,20,,,,note,D3,D,D,0.0,3,50.0,2.0,0.0625,39.125
436,..\data\scores\Bach_JohannSebastian\Bach_BWV_778.musicxml,Bach_JohannSebastian,Bach_BWV_778,20,,,,note,C3,C,C,0.0,3,48.0,0.0,0.0625,39.25
437,..\data\scores\Bach_JohannSebastian\Bach_BWV_778.musicxml,Bach_JohannSebastian,Bach_BWV_778,20,,,,note,B2,B,B,0.0,2,47.0,11.0,0.0625,39.375
438,..\data\scores\Bach_JohannSebastian\Bach_BWV_778.musicxml,Bach_JohannSebastian,Bach_BWV_778,20,,,,note,A2,A,A,0.0,2,45.0,9.0,0.0625,39.5
439,..\data\scores\Bach_JohannSebastian\Bach_BWV_778.musicxml,Bach_JohannSebastian,Bach_BWV_778,20,,,,note,G2,G,G,0.0,2,43.0,7.0,0.0625,39.625
440,..\data\scores\Bach_JohannSebastian\Bach_BWV_778.musicxml,Bach_JohannSebastian,Bach_BWV_778,20,,,,note,A2,A,A,0.0,2,45.0,9.0,0.0625,39.75
441,..\data\scores\Bach_JohannSebastian\Bach_BWV_778.musicxml,Bach_JohannSebastian,Bach_BWV_778,20,,,,note,F#2,F#,F,1.0,2,42.0,6.0,0.0625,39.875
442,..\data\scores\Bach_JohannSebastian\Bach_BWV_778.musicxml,Bach_JohannSebastian,Bach_BWV_778,21,,,,note,C5,C,C,0.0,5,72.0,0.0,0.125,40.0
443,..\data\scores\Bach_JohannSebastian\Bach_BWV_778.musicxml,Bach_JohannSebastian,Bach_BWV_778,21,,,,note,B4,B,B,0.0,4,71.0,11.0,0.125,40.25
444,..\data\scores\Bach_JohannSebastian\Bach_BWV_778.musicxml,Bach_JohannSebastian,Bach_BWV_778,21,,,,note,G5,G,G,0.0,5,79.0,7.0,0.1875,40.5
445,..\data\scores\Bach_JohannSebastian\Bach_BWV_778.musicxml,Bach_JohannSebastian,Bach_BWV_778,21,,,,note,G5,G,G,0.0,5,79.0,7.0,0.0625,40.875
446,..\data\scores\Bach_JohannSebastian\Bach_BWV_778.musicxml,Bach_JohannSebastian,Bach_BWV_778,21,,,,note,G5,G,G,0.0,5,79.0,7.0,0.0625,41.0
447,..\data\scores\Bach_JohannSebastian\Bach_BWV_778.musicxml,Bach_JohannSebastian,Bach_BWV_778,21,,,,note,A5,A,A,0.0,5,81.0,9.0,0.0625,41.125
448,..\data\scores\Bach_JohannSebastian\Bach_BWV_778.musicxml,Bach_JohannSebastian,Bach_BWV_778,21,,,,note,G5,G,G,0.0,5,79.0,7.0,0.0625,41.25
449,..\data\scores\Bach_JohannSebastian\Bach_BWV_778.musicxml,Bach_JohannSebastian,Bach_BWV_778,21,,,,note,F#5,F#,F,1.0,5,78.0,6.0,0.0625,41.375
450,..\data\scores\Bach_JohannSebastian\Bach_BWV_778.musicxml,Bach_JohannSebastian,Bach_BWV_778,21,,,,note,F#5,F#,F,1.0,5,78.0,6.0,0.1875,41.5
451,..\data\scores\Bach_JohannSebastian\Bach_BWV_778.musicxml,Bach_JohannSebastian,Bach_BWV_778,21,,,,note,E5,E,E,0.0,5,76.0,4.0,0.0625,41.875
452,..\data\scores\Bach_JohannSebastian\Bach_BWV_778.musicxml,Bach_JohannSebastian,Bach_BWV_778,21,,,,note,G2,G,G,0.0,2,43.0,7.0,0.0625,40.0
453,..\data\scores\Bach_JohannSebastian\Bach_BWV_778.musicxml,Bach_JohannSebastian,Bach_BWV_778,21,,,,note,A2,A,A,0.0,2,45.0,9.0,0.0625,40.125
454,..\data\scores\Bach_JohannSebastian\Bach_BWV_778.musicxml,Bach_JohannSebastian,Bach_BWV_778,21,,,,note,G2,G,G,0.0,2,43.0,7.0,0.0625,40.25
455,..\data\scores\Bach_JohannSebastian\Bach_BWV_778.musicxml,Bach_JohannSebastian,Bach_BWV_778,21,,,,note,F#2,F#,F,1.0,2,42.0,6.0,0.0625,40.375
456,..\data\scores\Bach_JohannSebastian\Bach_BWV_778.musicxml,Bach_JohannSebastian,Bach_BWV_778,21,,,,note,E2,E,E,0.0,2,40.0,4.0,0.0625,40.5
457,..\data\scores\Bach_JohannSebastian\Bach_BWV_778.musicxml,Bach_JohannSebastian,Bach_BWV_778,21,,,,note,D2,D,D,0.0,2,38.0,2.0,0.0625,40.625
458,..\data\scores\Bach_JohannSebastian\Bach_BWV_778.musicxml,Bach_JohannSebastian,Bach_BWV_778,21,,,,note,E2,E,E,0.0,2,40.0,4.0,0.0625,40.75
459,..\data\scores\Bach_JohannSebastian\Bach_BWV_778.musicxml,Bach_JohannSebastian,Bach_BWV_778,21,,,,note,C2,C,C,0.0,2,36.0,0.0,0.0625,40.875
460,..\data\scores\Bach_JohannSebastian\Bach_BWV_778.musicxml,Bach_JohannSebastian,Bach_BWV_778,21,,,,note,A2,A,A,0.0,2,45.0,9.0,0.0625,41.0
461,..\data\scores\Bach_JohannSebastian\Bach_BWV_778.musicxml,Bach_JohannSebastian,Bach_BWV_778,21,,,,note,G2,G,G,0.0,2,43.0,7.0,0.0625,41.125
462,..\data\scores\Bach_JohannSebastian\Bach_BWV_778.musicxml,Bach_JohannSebastian,Bach_BWV_778,21,,,,note,A2,A,A,0.0,2,45.0,9.0,0.0625,41.25
463,..\data\scores\Bach_JohannSebastian\Bach_BWV_778.musicxml,Bach_JohannSebastian,Bach_BWV_778,21,,,,note,F#2,F#,F,1.0,2,42.0,6.0,0.0625,41.375
464,..\data\scores\Bach_JohannSebastian\Bach_BWV_778.musicxml,Bach_JohannSebastian,Bach_BWV_778,21,,,,note,B2,B,B,0.0,2,47.0,11.0,0.0625,41.5
465,..\data\scores\Bach_JohannSebastian\Bach_BWV_778.musicxml,Bach_JohannSebastian,Bach_BWV_778,21,,,,note,A2,A,A,0.0,2,45.0,9.0,0.0625,41.625
466,..\data\scores\Bach_JohannSebastian\Bach_BWV_778.musicxml,Bach_JohannSebastian,Bach_BWV_778,21,,,,note,B2,B,B,0.0,2,47.0,11.0,0.0625,41.75
467,..\data\scores\Bach_JohannSebastian\Bach_BWV_778.musicxml,Bach_JohannSebastian,Bach_BWV_778,21,,,,note,G2,G,G,0.0,2,43.0,7.0,0.0625,41.875
468,..\data\scores\Bach_JohannSebastian\Bach_BWV_778.musicxml,Bach_JohannSebastian,Bach_BWV_778,22,,,,note,E5,E,E,0.0,5,76.0,4.0,0.0625,42.0
469,..\data\scores\Bach_JohannSebastian\Bach_BWV_778.musicxml,Bach_JohannSebastian,Bach_BWV_778,22,,,,note,D5,D,D,0.0,5,74.0,2.0,0.0625,42.125
470,..\data\scores\Bach_JohannSebastian\Bach_BWV_778.musicxml,Bach_JohannSebastian,Bach_BWV_778,22,,,,note,C5,C,C,0.0,5,72.0,0.0,0.0625,42.25
471,..\data\scores\Bach_JohannSebastian\Bach_BWV_778.musicxml,Bach_JohannSebastian,Bach_BWV_778,22,,,,note,B4,B,B,0.0,4,71.0,11.0,0.0625,42.375
472,..\data\scores\Bach_JohannSebastian\Bach_BWV_778.musicxml,Bach_JohannSebastian,Bach_BWV_778,22,,,,note,A4,A,A,0.0,4,69.0,9.0,0.0625,42.5
473,..\data\scores\Bach_JohannSebastian\Bach_BWV_778.musicxml,Bach_JohannSebastian,Bach_BWV_778,22,,,,note,G4,G,G,0.0,4,67.0,7.0,0.0625,42.625
474,..\data\scores\Bach_JohannSebastian\Bach_BWV_778.musicxml,Bach_JohannSebastian,Bach_BWV_778,22,,,,note,A4,A,A,0.0,4,69.0,9.0,0.0625,42.75
475,..\data\scores\Bach_JohannSebastian\Bach_BWV_778.musicxml,Bach_JohannSebastian,Bach_BWV_778,22,,,,note,F#4,F#,F,1.0,4,66.0,6.0,0.0625,42.875
476,..\data\scores\Bach_JohannSebastian\Bach_BWV_778.musicxml,Bach_JohannSebastian,Bach_BWV_778,22,,,,note,D#5,D#,D,1.0,5,75.0,3.0,0.125,43.0
477,..\data\scores\Bach_JohannSebastian\Bach_BWV_778.musicxml,Bach_JohannSebastian,Bach_BWV_778,22,,,,note,F#4,F#,F,1.0,4,66.0,6.0,0.125,43.25
478,..\data\scores\Bach_JohannSebastian\Bach_BWV_778.musicxml,Bach_JohannSebastian,Bach_BWV_778,22,,,,note,B4,B,B,0.0,4,71.0,11.0,0.1875,43.5
479,..\data\scores\Bach_JohannSebastian\Bach_BWV_778.musicxml,Bach_JohannSebastian,Bach_BWV_778,22,,,,note,C5,C,C,0.0,5,72.0,0.0,0.0625,43.875
480,..\data\scores\Bach_JohannSebastian\Bach_BWV_778.musicxml,Bach_JohannSebastian,Bach_BWV_778,22,,,,note,C3,C,C,0.0,3,48.0,0.0,0.5,42.0
481,..\data\scores\Bach_JohannSebastian\Bach_BWV_778.musicxml,Bach_JohannSebastian,Bach_BWV_778,22,,,,note,C3,C,C,0.0,3,48.0,0.0,0.0625,43.0
482,..\data\scores\Bach_JohannSebastian\Bach_BWV_778.musicxml,Bach_JohannSebastian,Bach_BWV_778,22,,,,note,C4,C,C,0.0,4,60.0,0.0,0.0625,43.125
483,..\data\scores\Bach_JohannSebastian\Bach_BWV_778.musicxml,Bach_JohannSebastian,Bach_BWV_778,22,,,,note,B3,B,B,0.0,3,59.0,11.0,0.0625,43.25
484,..\data\scores\Bach_JohannSebastian\Bach_BWV_778.musicxml,Bach_JohannSebastian,Bach_BWV_778,22,,,,note,A3,A,A,0.0,3,57.0,9.0,0.0625,43.375
485,..\data\scores\Bach_JohannSebastian\Bach_BWV_778.musicxml,Bach_JohannSebastian,Bach_BWV_778,22,,,,note,G3,G,G,0.0,3,55.0,7.0,0.0625,43.5
486,..\data\scores\Bach_JohannSebastian\Bach_BWV_778.musicxml,Bach_JohannSebastian,Bach_BWV_778,22,,,,note,F#3,F#,F,1.0,3,54.0,6.0,0.0625,43.625
487,..\data\scores\Bach_JohannSebastian\Bach_BWV_778.musicxml,Bach_JohannSebastian,Bach_BWV_778,22,,,,note,G3,G,G,0.0,3,55.0,7.0,0.0625,43.75
488,..\data\scores\Bach_JohannSebastian\Bach_BWV_778.musicxml,Bach_JohannSebastian,Bach_BWV_778,22,,,,note,E3,E,E,0.0,3,52.0,4.0,0.0625,43.875
489,..\data\scores\Bach_JohannSebastian\Bach_BWV_778.musicxml,Bach_JohannSebastian,Bach_BWV_778,23,,,,note,A4,A,A,0.0,4,69.0,9.0,0.1875,44.0
490,..\data\scores\Bach_JohannSebastian\Bach_BWV_778.musicxml,Bach_JohannSebastian,Bach_BWV_778,23,,,,note,G4,G,G,0.0,4,67.0,7.0,0.0625,44.375
491,..\data\scores\Bach_JohannSebastian\Bach_BWV_778.musicxml,Bach_JohannSebastian,Bach_BWV_778,23,,,,note,F#4,F#,F,1.0,4,66.0,6.0,0.1875,44.5
492,..\data\scores\Bach_JohannSebastian\Bach_BWV_778.musicxml,Bach_JohannSebastian,Bach_BWV_778,23,,,,note,E4,E,E,0.0,4,64.0,4.0,0.0625,44.875
493,..\data\scores\Bach_JohannSebastian\Bach_BWV_778.musicxml,Bach_JohannSebastian,Bach_BWV_778,23,,,,note,E4,E,E,0.0,4,64.0,4.0,0.5,45.0
494,..\data\scores\Bach_JohannSebastian\Bach_BWV_778.musicxml,Bach_JohannSebastian,Bach_BWV_778,23,,,,note,D#3,D#,D,1.0,3,51.0,3.0,0.125,44.0
495,..\data\scores\Bach_JohannSebastian\Bach_BWV_778.musicxml,Bach_JohannSebastian,Bach_BWV_778,23,,,,note,E3,E,E,0.0,3,52.0,4.0,0.125,44.25
496,..\data\scores\Bach_JohannSebastian\Bach_BWV_778.musicxml,Bach_JohannSebastian,Bach_BWV_778,23,,,,note,B3,B,B,0.0,3,59.0,11.0,0.125,44.5
497,..\data\scores\Bach_JohannSebastian\Bach_BWV_778.musicxml,Bach_JohannSebastian,Bach_BWV_778,23,,,,note,B2,B,B,0.0,2,47.0,11.0,0.125,44.75
498,..\data\scores\Bach_JohannSebastian\Bach_BWV_778.musicxml,Bach_JohannSebastian,Bach_BWV_778,23,,,,note,E2,E,E,0.0,2,40.0,4.0,0.5,45.0
