,filepath,composer,filename,measure_no,no_accs,mode,key_area,type,note_name,tpc,step,acc,octave,pitch,pitch_class,duration,onset
0,..\data\scores\Corelli_Arcangelo\op5n5-04.xml,Corelli_Arcangelo,op5n5-04,1,-1,major,0,rest,,,,,,,,0.75,0
1,..\data\scores\Corelli_Arcangelo\op5n5-04.xml,Corelli_Arcangelo,op5n5-04,2,,,,note,D3,D,D,0.0,3,50.0,2.0,0.125,1.5
2,..\data\scores\Corelli_Arcangelo\op5n5-04.xml,Corelli_Arcangelo,op5n5-04,2,,,,note,F#3,F#,F,1.0,3,54.0,6.0,0.125,1.75
3,..\data\scores\Corelli_Arcangelo\op5n5-04.xml,Corelli_Arcangelo,op5n5-04,2,,,,note,A3,A,A,0.0,3,57.0,9.0,0.125,2.0
4,..\data\scores\Corelli_Arcangelo\op5n5-04.xml,Corelli_Arcangelo,op5n5-04,2,,,,note,F#3,F#,F,1.0,3,54.0,6.0,0.125,2.25
5,..\data\scores\Corelli_Arcangelo\op5n5-04.xml,Corelli_Arcangelo,op5n5-04,2,,,,note,D3,D,D,0.0,3,50.0,2.0,0.125,2.5
6,..\data\scores\Corelli_Arcangelo\op5n5-04.xml,Corelli_Arcangelo,op5n5-04,2,,,,note,F#3,F#,F,1.0,3,54.0,6.0,0.125,2.75
7,..\data\scores\Corelli_Arcangelo\op5n5-04.xml,Corelli_Arcangelo,op5n5-04,3,,,,note,G3,G,G,0.0,3,55.0,7.0,0.5,3.0
8,..\data\scores\Corelli_Arcangelo\op5n5-04.xml,Corelli_Arcangelo,op5n5-04,3,,,,rest,,,,,,,,0.25,4.0
9,..\data\scores\Corelli_Arcangelo\op5n5-04.xml,Corelli_Arcangelo,op5n5-04,4,,,,note,F3,F,F,0.0,3,53.0,5.0,0.125,4.5
10,..\data\scores\Corelli_Arcangelo\op5n5-04.xml,Corelli_Arcangelo,op5n5-04,4,,,,note,A3,A,A,0.0,3,57.0,9.0,0.125,4.75
11,..\data\scores\Corelli_Arcangelo\op5n5-04.xml,Corelli_Arcangelo,op5n5-04,4,,,,note,C4,C,C,0.0,4,60.0,0.0,0.125,5.0
12,..\data\scores\Corelli_Arcangelo\op5n5-04.xml,Corelli_Arcangelo,op5n5-04,4,,,,note,A3,A,A,0.0,3,57.0,9.0,0.125,5.25
13,..\data\scores\Corelli_Arcangelo\op5n5-04.xml,Corelli_Arcangelo,op5n5-04,4,,,,note,F3,F,F,0.0,3,53.0,5.0,0.125,5.5
14,..\data\scores\Corelli_Arcangelo\op5n5-04.xml,Corelli_Arcangelo,op5n5-04,4,,,,note,A3,A,A,0.0,3,57.0,9.0,0.125,5.75
15,..\data\scores\Corelli_Arcangelo\op5n5-04.xml,Corelli_Arcangelo,op5n5-04,5,,,,note,Bb3,Bb,B,-1.0,3,58.0,10.0,0.5,6.0
16,..\data\scores\Corelli_Arcangelo\op5n5-04.xml,Corelli_Arcangelo,op5n5-04,5,,,,rest,,,,,,,,0.25,7.0
17,..\data\scores\Corelli_Arcangelo\op5n5-04.xml,Corelli_Arcangelo,op5n5-04,6,,,,note,F3,F,F,0.0,3,53.0,5.0,0.125,7.5
18,..\data\scores\Corelli_Arcangelo\op5n5-04.xml,Corelli_Arcangelo,op5n5-04,6,,,,note,A3,A,A,0.0,3,57.0,9.0,0.125,7.75
19,..\data\scores\Corelli_Arcangelo\op5n5-04.xml,Corelli_Arcangelo,op5n5-04,6,,,,note,C4,C,C,0.0,4,60.0,0.0,0.125,8.0
20,..\data\scores\Corelli_Arcangelo\op5n5-04.xml,Corelli_Arcangelo,op5n5-04,6,,,,note,A3,A,A,0.0,3,57.0,9.0,0.125,8.25
21,..\data\scores\Corelli_Arcangelo\op5n5-04.xml,Corelli_Arcangelo,op5n5-04,6,,,,note,F3,F,F,0.0,3,53.0,5.0,0.125,8.5
22,..\data\scores\Corelli_Arcangelo\op5n5-04.xml,Corelli_Arcangelo,op5n5-04,6,,,,note,A3,A,A,0.0,3,57.0,9.0,0.125,8.75
23,..\data\scores\Corelli_Arcangelo\op5n5-04.xml,Corelli_Arcangelo,op5n5-04,7,,,,note,G3,G,G,0.0,3,55.0,7.0,0.5,9.0
24,..\data\scores\Corelli_Arcangelo\op5n5-04.xml,Corelli_Arcangelo,op5n5-04,7,,,,rest,,,,,,,,0.25,10.0
25,..\data\scores\Corelli_Arcangelo\op5n5-04.xml,Corelli_Arcangelo,op5n5-04,8,,,,note,D3,D,D,0.0,3,50.0,2.0,0.125,10.5
26,..\data\scores\Corelli_Arcangelo\op5n5-04.xml,Corelli_Arcangelo,op5n5-04,8,,,,note,F#3,F#,F,1.0,3,54.0,6.0,0.125,10.75
27,..\data\scores\Corelli_Arcangelo\op5n5-04.xml,Corelli_Arcangelo,op5n5-04,8,,,,note,A3,A,A,0.0,3,57.0,9.0,0.125,11.0
28,..\data\scores\Corelli_Arcangelo\op5n5-04.xml,Corelli_Arcangelo,op5n5-04,8,,,,note,D4,D,D,0.0,4,62.0,2.0,0.125,11.25
29,..\data\scores\Corelli_Arcangelo\op5n5-04.xml,Corelli_Arcangelo,op5n5-04,8,,,,note,A3,A,A,0.0,3,57.0,9.0,0.125,11.5
30,..\data\scores\Corelli_Arcangelo\op5n5-04.xml,Corelli_Arcangelo,op5n5-04,8,,,,note,F#3,F#,F,1.0,3,54.0,6.0,0.125,11.75
31,..\data\scores\Corelli_Arcangelo\op5n5-04.xml,Corelli_Arcangelo,op5n5-04,9,,,,note,D3,D,D,0.0,3,50.0,2.0,0.5,12.0
32,..\data\scores\Corelli_Arcangelo\op5n5-04.xml,Corelli_Arcangelo,op5n5-04,9,,,,rest,,,,,,,,0.25,13.0
33,..\data\scores\Corelli_Arcangelo\op5n5-04.xml,Corelli_Arcangelo,op5n5-04,10,,,,note,G3,G,G,0.0,3,55.0,7.0,0.125,13.5
34,..\data\scores\Corelli_Arcangelo\op5n5-04.xml,Corelli_Arcangelo,op5n5-04,10,,,,note,Bb3,Bb,B,-1.0,3,58.0,10.0,0.125,13.75
35,..\data\scores\Corelli_Arcangelo\op5n5-04.xml,Corelli_Arcangelo,op5n5-04,10,,,,note,D4,D,D,0.0,4,62.0,2.0,0.125,14.0
36,..\data\scores\Corelli_Arcangelo\op5n5-04.xml,Corelli_Arcangelo,op5n5-04,10,,,,note,Bb3,Bb,B,-1.0,3,58.0,10.0,0.125,14.25
37,..\data\scores\Corelli_Arcangelo\op5n5-04.xml,Corelli_Arcangelo,op5n5-04,10,,,,note,G3,G,G,0.0,3,55.0,7.0,0.125,14.5
38,..\data\scores\Corelli_Arcangelo\op5n5-04.xml,Corelli_Arcangelo,op5n5-04,10,,,,note,Bb3,Bb,B,-1.0,3,58.0,10.0,0.125,14.75
39,..\data\scores\Corelli_Arcangelo\op5n5-04.xml,Corelli_Arcangelo,op5n5-04,11,,,,note,C4,C,C,0.0,4,60.0,0.0,0.5,15.0
40,..\data\scores\Corelli_Arcangelo\op5n5-04.xml,Corelli_Arcangelo,op5n5-04,11,,,,rest,,,,,,,,0.25,16.0
41,..\data\scores\Corelli_Arcangelo\op5n5-04.xml,Corelli_Arcangelo,op5n5-04,12,,,,note,F3,F,F,0.0,3,53.0,5.0,0.125,16.5
42,..\data\scores\Corelli_Arcangelo\op5n5-04.xml,Corelli_Arcangelo,op5n5-04,12,,,,note,A3,A,A,0.0,3,57.0,9.0,0.125,16.75
43,..\data\scores\Corelli_Arcangelo\op5n5-04.xml,Corelli_Arcangelo,op5n5-04,12,,,,note,C4,C,C,0.0,4,60.0,0.0,0.125,17.0
44,..\data\scores\Corelli_Arcangelo\op5n5-04.xml,Corelli_Arcangelo,op5n5-04,12,,,,note,A3,A,A,0.0,3,57.0,9.0,0.125,17.25
45,..\data\scores\Corelli_Arcangelo\op5n5-04.xml,Corelli_Arcangelo,op5n5-04,12,,,,note,F3,F,F,0.0,3,53.0,5.0,0.125,17.5
46,..\data\scores\Corelli_Arcangelo\op5n5-04.xml,Corelli_Arcangelo,op5n5-04,12,,,,note,A3,A,A,0.0,3,57.0,9.0,0.125,17.75
47,..\data\scores\Corelli_Arcangelo\op5n5-04.xml,Corelli_Arcangelo,op5n5-04,13,,,,note,Bb3,Bb,B,-1.0,3,58.0,10.0,0.25,18.0
48,..\data\scores\Corelli_Arcangelo\op5n5-04.xml,Corelli_Arcangelo,op5n5-04,13,,,,note,G3,G,G,0.0,3,55.0,7.0,0.5,18.5
49,..\data\scores\Corelli_Arcangelo\op5n5-04.xml,Corelli_Arcangelo,op5n5-04,14,,,,note,A3,A,A,0.0,3,57.0,9.0,0.5,19.5
50,..\data\scores\Corelli_Arcangelo\op5n5-04.xml,Corelli_Arcangelo,op5n5-04,14,,,,note,F3,F,F,0.0,3,53.0,5.0,0.25,20.5
51,..\data\scores\Corelli_Arcangelo\op5n5-04.xml,Corelli_Arcangelo,op5n5-04,15,,,,note,G3,G,G,0.0,3,55.0,7.0,0.25,21.0
52,..\data\scores\Corelli_Arcangelo\op5n5-04.xml,Corelli_Arcangelo,op5n5-04,15,,,,note,A3,A,A,0.0,3,57.0,9.0,0.25,21.5
53,..\data\scores\Corelli_Arcangelo\op5n5-04.xml,Corelli_Arcangelo,op5n5-04,15,,,,note,A2,A,A,0.0,2,45.0,9.0,0.25,22.0
54,..\data\scores\Corelli_Arcangelo\op5n5-04.xml,Corelli_Arcangelo,op5n5-04,16,,,,note,D3,D,D,0.0,3,50.0,2.0,0.125,22.5
55,..\data\scores\Corelli_Arcangelo\op5n5-04.xml,Corelli_Arcangelo,op5n5-04,16,,,,note,C3,C,C,0.0,3,48.0,0.0,0.125,22.75
56,..\data\scores\Corelli_Arcangelo\op5n5-04.xml,Corelli_Arcangelo,op5n5-04,16,,,,note,D3,D,D,0.0,3,50.0,2.0,0.125,23.0
57,..\data\scores\Corelli_Arcangelo\op5n5-04.xml,Corelli_Arcangelo,op5n5-04,16,,,,note,Eb3,Eb,E,-1.0,3,51.0,3.0,0.125,23.25
58,..\data\scores\Corelli_Arcangelo\op5n5-04.xml,Corelli_Arcangelo,op5n5-04,16,,,,note,D3,D,D,0.0,3,50.0,2.0,0.125,23.5
59,..\data\scores\Corelli_Arcangelo\op5n5-04.xml,Corelli_Arcangelo,op5n5-04,16,,,,note,C3,C,C,0.0,3,48.0,0.0,0.125,23.75
60,..\data\scores\Corelli_Arcangelo\op5n5-04.xml,Corelli_Arcangelo,op5n5-04,17,,,,note,Bb2,Bb,B,-1.0,2,46.0,10.0,0.5,24.0
61,..\data\scores\Corelli_Arcangelo\op5n5-04.xml,Corelli_Arcangelo,op5n5-04,17,,,,rest,,,,,,,,0.25,25.0
62,..\data\scores\Corelli_Arcangelo\op5n5-04.xml,Corelli_Arcangelo,op5n5-04,18,,,,note,F3,F,F,0.0,3,53.0,5.0,0.125,25.5
63,..\data\scores\Corelli_Arcangelo\op5n5-04.xml,Corelli_Arcangelo,op5n5-04,18,,,,note,A3,A,A,0.0,3,57.0,9.0,0.125,25.75
64,..\data\scores\Corelli_Arcangelo\op5n5-04.xml,Corelli_Arcangelo,op5n5-04,18,,,,note,C4,C,C,0.0,4,60.0,0.0,0.125,26.0
65,..\data\scores\Corelli_Arcangelo\op5n5-04.xml,Corelli_Arcangelo,op5n5-04,18,,,,note,A3,A,A,0.0,3,57.0,9.0,0.125,26.25
66,..\data\scores\Corelli_Arcangelo\op5n5-04.xml,Corelli_Arcangelo,op5n5-04,18,,,,note,F3,F,F,0.0,3,53.0,5.0,0.125,26.5
67,..\data\scores\Corelli_Arcangelo\op5n5-04.xml,Corelli_Arcangelo,op5n5-04,18,,,,note,A3,A,A,0.0,3,57.0,9.0,0.125,26.75
68,..\data\scores\Corelli_Arcangelo\op5n5-04.xml,Corelli_Arcangelo,op5n5-04,19,,,,note,G3,G,G,0.0,3,55.0,7.0,0.5,27.0
69,..\data\scores\Corelli_Arcangelo\op5n5-04.xml,Corelli_Arcangelo,op5n5-04,19,,,,rest,,,,,,,,0.25,28.0
70,..\data\scores\Corelli_Arcangelo\op5n5-04.xml,Corelli_Arcangelo,op5n5-04,20,,,,note,D4,D,D,0.0,4,62.0,2.0,0.125,28.5
71,..\data\scores\Corelli_Arcangelo\op5n5-04.xml,Corelli_Arcangelo,op5n5-04,20,,,,note,A3,A,A,0.0,3,57.0,9.0,0.125,28.75
72,..\data\scores\Corelli_Arcangelo\op5n5-04.xml,Corelli_Arcangelo,op5n5-04,20,,,,note,D4,D,D,0.0,4,62.0,2.0,0.125,29.0
73,..\data\scores\Corelli_Arcangelo\op5n5-04.xml,Corelli_Arcangelo,op5n5-04,20,,,,note,Eb4,Eb,E,-1.0,4,63.0,3.0,0.125,29.25
74,..\data\scores\Corelli_Arcangelo\op5n5-04.xml,Corelli_Arcangelo,op5n5-04,20,,,,note,D4,D,D,0.0,4,62.0,2.0,0.125,29.5
75,..\data\scores\Corelli_Arcangelo\op5n5-04.xml,Corelli_Arcangelo,op5n5-04,20,,,,note,C4,C,C,0.0,4,60.0,0.0,0.125,29.75
76,..\data\scores\Corelli_Arcangelo\op5n5-04.xml,Corelli_Arcangelo,op5n5-04,21,,,,note,Bb3,Bb,B,-1.0,3,58.0,10.0,0.5,30.0
77,..\data\scores\Corelli_Arcangelo\op5n5-04.xml,Corelli_Arcangelo,op5n5-04,21,,,,note,Bb2,Bb,B,-1.0,2,46.0,10.0,0.25,31.0
78,..\data\scores\Corelli_Arcangelo\op5n5-04.xml,Corelli_Arcangelo,op5n5-04,22,,,,note,C3,C,C,0.0,3,48.0,0.0,0.5,31.5
79,..\data\scores\Corelli_Arcangelo\op5n5-04.xml,Corelli_Arcangelo,op5n5-04,22,,,,note,Bb2,Bb,B,-1.0,2,46.0,10.0,0.25,32.5
80,..\data\scores\Corelli_Arcangelo\op5n5-04.xml,Corelli_Arcangelo,op5n5-04,23,,,,note,C3,C,C,0.0,3,48.0,0.0,0.25,33.0
81,..\data\scores\Corelli_Arcangelo\op5n5-04.xml,Corelli_Arcangelo,op5n5-04,23,,,,note,D3,D,D,0.0,3,50.0,2.0,0.5,33.5
82,..\data\scores\Corelli_Arcangelo\op5n5-04.xml,Corelli_Arcangelo,op5n5-04,24,,,,note,G2,G,G,0.0,2,43.0,7.0,0.125,34.5
83,..\data\scores\Corelli_Arcangelo\op5n5-04.xml,Corelli_Arcangelo,op5n5-04,24,,,,note,G3,G,G,0.0,3,55.0,7.0,0.125,34.75
84,..\data\scores\Corelli_Arcangelo\op5n5-04.xml,Corelli_Arcangelo,op5n5-04,24,,,,note,F3,F,F,0.0,3,53.0,5.0,0.125,35.0
85,..\data\scores\Corelli_Arcangelo\op5n5-04.xml,Corelli_Arcangelo,op5n5-04,24,,,,note,Eb3,Eb,E,-1.0,3,51.0,3.0,0.125,35.25
86,..\data\scores\Corelli_Arcangelo\op5n5-04.xml,Corelli_Arcangelo,op5n5-04,24,,,,note,D3,D,D,0.0,3,50.0,2.0,0.125,35.5
87,..\data\scores\Corelli_Arcangelo\op5n5-04.xml,Corelli_Arcangelo,op5n5-04,24,,,,note,C3,C,C,0.0,3,48.0,0.0,0.125,35.75
88,..\data\scores\Corelli_Arcangelo\op5n5-04.xml,Corelli_Arcangelo,op5n5-04,25,,,,note,Bb2,Bb,B,-1.0,2,46.0,10.0,0.5,36.0
89,..\data\scores\Corelli_Arcangelo\op5n5-04.xml,Corelli_Arcangelo,op5n5-04,25,,,,rest,,,,,,,,0.25,37.0
90,..\data\scores\Corelli_Arcangelo\op5n5-04.xml,Corelli_Arcangelo,op5n5-04,26,,,,note,F3,F,F,0.0,3,53.0,5.0,0.125,37.5
91,..\data\scores\Corelli_Arcangelo\op5n5-04.xml,Corelli_Arcangelo,op5n5-04,26,,,,note,A3,A,A,0.0,3,57.0,9.0,0.125,37.75
92,..\data\scores\Corelli_Arcangelo\op5n5-04.xml,Corelli_Arcangelo,op5n5-04,26,,,,note,C4,C,C,0.0,4,60.0,0.0,0.125,38.0
93,..\data\scores\Corelli_Arcangelo\op5n5-04.xml,Corelli_Arcangelo,op5n5-04,26,,,,note,A3,A,A,0.0,3,57.0,9.0,0.125,38.25
94,..\data\scores\Corelli_Arcangelo\op5n5-04.xml,Corelli_Arcangelo,op5n5-04,26,,,,note,F3,F,F,0.0,3,53.0,5.0,0.125,38.5
95,..\data\scores\Corelli_Arcangelo\op5n5-04.xml,Corelli_Arcangelo,op5n5-04,26,,,,note,A3,A,A,0.0,3,57.0,9.0,0.125,38.75
96,..\data\scores\Corelli_Arcangelo\op5n5-04.xml,Corelli_Arcangelo,op5n5-04,27,,,,note,G3,G,G,0.0,3,55.0,7.0,0.5,39.0
97,..\data\scores\Corelli_Arcangelo\op5n5-04.xml,Corelli_Arcangelo,op5n5-04,27,,,,rest,,,,,,,,0.25,40.0
98,..\data\scores\Corelli_Arcangelo\op5n5-04.xml,Corelli_Arcangelo,op5n5-04,28,,,,note,D4,D,D,0.0,4,62.0,2.0,0.125,40.5
99,..\data\scores\Corelli_Arcangelo\op5n5-04.xml,Corelli_Arcangelo,op5n5-04,28,,,,note,A3,A,A,0.0,3,57.0,9.0,0.125,40.75
100,..\data\scores\Corelli_Arcangelo\op5n5-04.xml,Corelli_Arcangelo,op5n5-04,28,,,,note,D4,D,D,0.0,4,62.0,2.0,0.125,41.0
101,..\data\scores\Corelli_Arcangelo\op5n5-04.xml,Corelli_Arcangelo,op5n5-04,28,,,,note,Eb4,Eb,E,-1.0,4,63.0,3.0,0.125,41.25
102,..\data\scores\Corelli_Arcangelo\op5n5-04.xml,Corelli_Arcangelo,op5n5-04,28,,,,note,D4,D,D,0.0,4,62.0,2.0,0.125,41.5
103,..\data\scores\Corelli_Arcangelo\op5n5-04.xml,Corelli_Arcangelo,op5n5-04,28,,,,note,C4,C,C,0.0,4,60.0,0.0,0.125,41.75
104,..\data\scores\Corelli_Arcangelo\op5n5-04.xml,Corelli_Arcangelo,op5n5-04,29,,,,note,Bb3,Bb,B,-1.0,3,58.0,10.0,0.5,42.0
105,..\data\scores\Corelli_Arcangelo\op5n5-04.xml,Corelli_Arcangelo,op5n5-04,29,,,,note,Bb2,Bb,B,-1.0,2,46.0,10.0,0.25,43.0
106,..\data\scores\Corelli_Arcangelo\op5n5-04.xml,Corelli_Arcangelo,op5n5-04,30,,,,note,C3,C,C,0.0,3,48.0,0.0,0.5,43.5
107,..\data\scores\Corelli_Arcangelo\op5n5-04.xml,Corelli_Arcangelo,op5n5-04,30,,,,note,Bb2,Bb,B,-1.0,2,46.0,10.0,0.25,44.5
108,..\data\scores\Corelli_Arcangelo\op5n5-04.xml,Corelli_Arcangelo,op5n5-04,31,,,,note,C3,C,C,0.0,3,48.0,0.0,0.25,45.0
109,..\data\scores\Corelli_Arcangelo\op5n5-04.xml,Corelli_Arcangelo,op5n5-04,31,,,,note,D3,D,D,0.0,3,50.0,2.0,0.5,45.5
110,..\data\scores\Corelli_Arcangelo\op5n5-04.xml,Corelli_Arcangelo,op5n5-04,32,,,,note,G2,G,G,0.0,2,43.0,7.0,0.75,46.5
111,..\data\scores\Corelli_Arcangelo\op5n5-04.xml,Corelli_Arcangelo,op5n5-04,33,,,,note,G3,G,G,0.0,3,55.0,7.0,0.25,48.0
112,..\data\scores\Corelli_Arcangelo\op5n5-04.xml,Corelli_Arcangelo,op5n5-04,33,,,,note,G2,G,G,0.0,2,43.0,7.0,0.5,48.5
113,..\data\scores\Corelli_Arcangelo\op5n5-04.xml,Corelli_Arcangelo,op5n5-04,34,,,,note,D3,D,D,0.0,3,50.0,2.0,0.5,49.5
114,..\data\scores\Corelli_Arcangelo\op5n5-04.xml,Corelli_Arcangelo,op5n5-04,34,,,,rest,,,,,,,,0.25,50.5
115,..\data\scores\Corelli_Arcangelo\op5n5-04.xml,Corelli_Arcangelo,op5n5-04,35,,,,note,G3,G,G,0.0,3,55.0,7.0,0.25,51.0
116,..\data\scores\Corelli_Arcangelo\op5n5-04.xml,Corelli_Arcangelo,op5n5-04,35,,,,note,G2,G,G,0.0,2,43.0,7.0,0.5,51.5
117,..\data\scores\Corelli_Arcangelo\op5n5-04.xml,Corelli_Arcangelo,op5n5-04,36,,,,note,F2,F,F,0.0,2,41.0,5.0,0.5,52.5
118,..\data\scores\Corelli_Arcangelo\op5n5-04.xml,Corelli_Arcangelo,op5n5-04,36,,,,rest,,,,,,,,0.25,53.5
119,..\data\scores\Corelli_Arcangelo\op5n5-04.xml,Corelli_Arcangelo,op5n5-04,37,,,,note,Bb3,Bb,B,-1.0,3,58.0,10.0,0.25,54.0
120,..\data\scores\Corelli_Arcangelo\op5n5-04.xml,Corelli_Arcangelo,op5n5-04,37,,,,note,Bb2,Bb,B,-1.0,2,46.0,10.0,0.5,54.5
121,..\data\scores\Corelli_Arcangelo\op5n5-04.xml,Corelli_Arcangelo,op5n5-04,38,,,,note,F3,F,F,0.0,3,53.0,5.0,0.5,55.5
122,..\data\scores\Corelli_Arcangelo\op5n5-04.xml,Corelli_Arcangelo,op5n5-04,38,,,,rest,,,,,,,,0.25,56.5
123,..\data\scores\Corelli_Arcangelo\op5n5-04.xml,Corelli_Arcangelo,op5n5-04,39,,,,note,G3,G,G,0.0,3,55.0,7.0,0.25,57.0
124,..\data\scores\Corelli_Arcangelo\op5n5-04.xml,Corelli_Arcangelo,op5n5-04,39,,,,note,Eb3,Eb,E,-1.0,3,51.0,3.0,0.5,57.5
125,..\data\scores\Corelli_Arcangelo\op5n5-04.xml,Corelli_Arcangelo,op5n5-04,40,,,,note,D3,D,D,0.0,3,50.0,2.0,0.75,58.5
126,..\data\scores\Corelli_Arcangelo\op5n5-04.xml,Corelli_Arcangelo,op5n5-04,41,,,,note,D4,D,D,0.0,4,62.0,2.0,0.25,60.0
127,..\data\scores\Corelli_Arcangelo\op5n5-04.xml,Corelli_Arcangelo,op5n5-04,41,,,,note,D3,D,D,0.0,3,50.0,2.0,0.5,60.5
128,..\data\scores\Corelli_Arcangelo\op5n5-04.xml,Corelli_Arcangelo,op5n5-04,42,,,,note,G3,G,G,0.0,3,55.0,7.0,0.5,61.5
129,..\data\scores\Corelli_Arcangelo\op5n5-04.xml,Corelli_Arcangelo,op5n5-04,42,,,,rest,,,,,,,,0.25,62.5
130,..\data\scores\Corelli_Arcangelo\op5n5-04.xml,Corelli_Arcangelo,op5n5-04,43,,,,note,C4,C,C,0.0,4,60.0,0.0,0.25,63.0
131,..\data\scores\Corelli_Arcangelo\op5n5-04.xml,Corelli_Arcangelo,op5n5-04,43,,,,note,C3,C,C,0.0,3,48.0,0.0,0.5,63.5
132,..\data\scores\Corelli_Arcangelo\op5n5-04.xml,Corelli_Arcangelo,op5n5-04,44,,,,note,F3,F,F,0.0,3,53.0,5.0,0.5,64.5
133,..\data\scores\Corelli_Arcangelo\op5n5-04.xml,Corelli_Arcangelo,op5n5-04,44,,,,rest,,,,,,,,0.25,65.5
134,..\data\scores\Corelli_Arcangelo\op5n5-04.xml,Corelli_Arcangelo,op5n5-04,45,,,,note,Bb3,Bb,B,-1.0,3,58.0,10.0,0.25,66.0
135,..\data\scores\Corelli_Arcangelo\op5n5-04.xml,Corelli_Arcangelo,op5n5-04,45,,,,note,G3,G,G,0.0,3,55.0,7.0,0.5,66.5
136,..\data\scores\Corelli_Arcangelo\op5n5-04.xml,Corelli_Arcangelo,op5n5-04,46,,,,note,A3,A,A,0.0,3,57.0,9.0,0.25,67.5
137,..\data\scores\Corelli_Arcangelo\op5n5-04.xml,Corelli_Arcangelo,op5n5-04,46,,,,note,F3,F,F,0.0,3,53.0,5.0,0.25,68.0
138,..\data\scores\Corelli_Arcangelo\op5n5-04.xml,Corelli_Arcangelo,op5n5-04,46,,,,note,D3,D,D,0.0,3,50.0,2.0,0.25,68.5
139,..\data\scores\Corelli_Arcangelo\op5n5-04.xml,Corelli_Arcangelo,op5n5-04,47,,,,note,Bb2,Bb,B,-1.0,2,46.0,10.0,0.25,69.0
140,..\data\scores\Corelli_Arcangelo\op5n5-04.xml,Corelli_Arcangelo,op5n5-04,47,,,,note,G2,G,G,0.0,2,43.0,7.0,0.25,69.5
141,..\data\scores\Corelli_Arcangelo\op5n5-04.xml,Corelli_Arcangelo,op5n5-04,47,,,,note,A2,A,A,0.0,2,45.0,9.0,0.25,70.0
142,..\data\scores\Corelli_Arcangelo\op5n5-04.xml,Corelli_Arcangelo,op5n5-04,48,,,,note,D3,D,D,0.0,3,50.0,2.0,0.75,70.5
143,..\data\scores\Corelli_Arcangelo\op5n5-04.xml,Corelli_Arcangelo,op5n5-04,49,,,,note,Bb3,Bb,B,-1.0,3,58.0,10.0,0.25,72.0
144,..\data\scores\Corelli_Arcangelo\op5n5-04.xml,Corelli_Arcangelo,op5n5-04,49,,,,note,Bb2,Bb,B,-1.0,2,46.0,10.0,0.5,72.5
145,..\data\scores\Corelli_Arcangelo\op5n5-04.xml,Corelli_Arcangelo,op5n5-04,50,,,,note,F3,F,F,0.0,3,53.0,5.0,0.5,73.5
146,..\data\scores\Corelli_Arcangelo\op5n5-04.xml,Corelli_Arcangelo,op5n5-04,50,,,,rest,,,,,,,,0.25,74.5
147,..\data\scores\Corelli_Arcangelo\op5n5-04.xml,Corelli_Arcangelo,op5n5-04,51,,,,note,G3,G,G,0.0,3,55.0,7.0,0.25,75.0
148,..\data\scores\Corelli_Arcangelo\op5n5-04.xml,Corelli_Arcangelo,op5n5-04,51,,,,note,G2,G,G,0.0,2,43.0,7.0,0.5,75.5
149,..\data\scores\Corelli_Arcangelo\op5n5-04.xml,Corelli_Arcangelo,op5n5-04,52,,,,note,D3,D,D,0.0,3,50.0,2.0,0.5,76.5
150,..\data\scores\Corelli_Arcangelo\op5n5-04.xml,Corelli_Arcangelo,op5n5-04,52,,,,rest,,,,,,,,0.25,77.5
151,..\data\scores\Corelli_Arcangelo\op5n5-04.xml,Corelli_Arcangelo,op5n5-04,53,,,,note,Bb3,Bb,B,-1.0,3,58.0,10.0,0.25,78.0
152,..\data\scores\Corelli_Arcangelo\op5n5-04.xml,Corelli_Arcangelo,op5n5-04,53,,,,note,Bb2,Bb,B,-1.0,2,46.0,10.0,0.5,78.5
153,..\data\scores\Corelli_Arcangelo\op5n5-04.xml,Corelli_Arcangelo,op5n5-04,54,,,,note,C3,C,C,0.0,3,48.0,0.0,0.5,79.5
154,..\data\scores\Corelli_Arcangelo\op5n5-04.xml,Corelli_Arcangelo,op5n5-04,54,,,,note,Bb2,Bb,B,-1.0,2,46.0,10.0,0.25,80.5
155,..\data\scores\Corelli_Arcangelo\op5n5-04.xml,Corelli_Arcangelo,op5n5-04,55,,,,note,C3,C,C,0.0,3,48.0,0.0,0.25,81.0
156,..\data\scores\Corelli_Arcangelo\op5n5-04.xml,Corelli_Arcangelo,op5n5-04,55,,,,note,D3,D,D,0.0,3,50.0,2.0,0.5,81.5
157,..\data\scores\Corelli_Arcangelo\op5n5-04.xml,Corelli_Arcangelo,op5n5-04,56,,,,note,G2,G,G,0.0,2,43.0,7.0,0.75,82.5
158,..\data\scores\Corelli_Arcangelo\op5n5-04.xml,Corelli_Arcangelo,op5n5-04,57,,,,note,Bb3,Bb,B,-1.0,3,58.0,10.0,0.25,84.0
159,..\data\scores\Corelli_Arcangelo\op5n5-04.xml,Corelli_Arcangelo,op5n5-04,57,,,,note,Bb2,Bb,B,-1.0,2,46.0,10.0,0.5,84.5
160,..\data\scores\Corelli_Arcangelo\op5n5-04.xml,Corelli_Arcangelo,op5n5-04,58,,,,note,F3,F,F,0.0,3,53.0,5.0,0.5,85.5
161,..\data\scores\Corelli_Arcangelo\op5n5-04.xml,Corelli_Arcangelo,op5n5-04,58,,,,rest,,,,,,,,0.25,86.5
162,..\data\scores\Corelli_Arcangelo\op5n5-04.xml,Corelli_Arcangelo,op5n5-04,59,,,,note,G3,G,G,0.0,3,55.0,7.0,0.25,87.0
163,..\data\scores\Corelli_Arcangelo\op5n5-04.xml,Corelli_Arcangelo,op5n5-04,59,,,,note,G2,G,G,0.0,2,43.0,7.0,0.5,87.5
164,..\data\scores\Corelli_Arcangelo\op5n5-04.xml,Corelli_Arcangelo,op5n5-04,60,,,,note,D3,D,D,0.0,3,50.0,2.0,0.5,88.5
165,..\data\scores\Corelli_Arcangelo\op5n5-04.xml,Corelli_Arcangelo,op5n5-04,60,,,,rest,,,,,,,,0.25,89.5
166,..\data\scores\Corelli_Arcangelo\op5n5-04.xml,Corelli_Arcangelo,op5n5-04,61,,,,note,Bb3,Bb,B,-1.0,3,58.0,10.0,0.25,90.0
167,..\data\scores\Corelli_Arcangelo\op5n5-04.xml,Corelli_Arcangelo,op5n5-04,61,,,,note,Bb2,Bb,B,-1.0,2,46.0,10.0,0.5,90.5
168,..\data\scores\Corelli_Arcangelo\op5n5-04.xml,Corelli_Arcangelo,op5n5-04,62,,,,note,C3,C,C,0.0,3,48.0,0.0,0.5,91.5
169,..\data\scores\Corelli_Arcangelo\op5n5-04.xml,Corelli_Arcangelo,op5n5-04,62,,,,note,Bb2,Bb,B,-1.0,2,46.0,10.0,0.25,92.5
170,..\data\scores\Corelli_Arcangelo\op5n5-04.xml,Corelli_Arcangelo,op5n5-04,63,,,,note,C3,C,C,0.0,3,48.0,0.0,0.25,93.0
171,..\data\scores\Corelli_Arcangelo\op5n5-04.xml,Corelli_Arcangelo,op5n5-04,63,,,,note,D3,D,D,0.0,3,50.0,2.0,0.5,93.5
172,..\data\scores\Corelli_Arcangelo\op5n5-04.xml,Corelli_Arcangelo,op5n5-04,64,,,,note,G2,G,G,0.0,2,43.0,7.0,0.75,94.5
173,..\data\scores\Corelli_Arcangelo\op5n5-04.xml,Corelli_Arcangelo,op5n5-04,65,,,,note,G3,G,G,0.0,3,55.0,7.0,0.125,96.0
174,..\data\scores\Corelli_Arcangelo\op5n5-04.xml,Corelli_Arcangelo,op5n5-04,65,,,,note,F#3,F#,F,1.0,3,54.0,6.0,0.125,96.25
175,..\data\scores\Corelli_Arcangelo\op5n5-04.xml,Corelli_Arcangelo,op5n5-04,65,,,,note,G3,G,G,0.0,3,55.0,7.0,0.125,96.5
176,..\data\scores\Corelli_Arcangelo\op5n5-04.xml,Corelli_Arcangelo,op5n5-04,65,,,,note,A3,A,A,0.0,3,57.0,9.0,0.125,96.75
177,..\data\scores\Corelli_Arcangelo\op5n5-04.xml,Corelli_Arcangelo,op5n5-04,65,,,,note,Bb3,Bb,B,-1.0,3,58.0,10.0,0.125,97.0
178,..\data\scores\Corelli_Arcangelo\op5n5-04.xml,Corelli_Arcangelo,op5n5-04,65,,,,note,C4,C,C,0.0,4,60.0,0.0,0.125,97.25
179,..\data\scores\Corelli_Arcangelo\op5n5-04.xml,Corelli_Arcangelo,op5n5-04,66,,,,note,D4,D,D,0.0,4,62.0,2.0,0.125,97.5
180,..\data\scores\Corelli_Arcangelo\op5n5-04.xml,Corelli_Arcangelo,op5n5-04,66,,,,note,D3,D,D,0.0,3,50.0,2.0,0.125,97.75
181,..\data\scores\Corelli_Arcangelo\op5n5-04.xml,Corelli_Arcangelo,op5n5-04,66,,,,note,F#3,F#,F,1.0,3,54.0,6.0,0.125,98.0
182,..\data\scores\Corelli_Arcangelo\op5n5-04.xml,Corelli_Arcangelo,op5n5-04,66,,,,note,E3,E,E,0.0,3,52.0,4.0,0.125,98.25
183,..\data\scores\Corelli_Arcangelo\op5n5-04.xml,Corelli_Arcangelo,op5n5-04,66,,,,note,F#3,F#,F,1.0,3,54.0,6.0,0.125,98.5
184,..\data\scores\Corelli_Arcangelo\op5n5-04.xml,Corelli_Arcangelo,op5n5-04,66,,,,note,D3,D,D,0.0,3,50.0,2.0,0.125,98.75
185,..\data\scores\Corelli_Arcangelo\op5n5-04.xml,Corelli_Arcangelo,op5n5-04,67,,,,note,G3,G,G,0.0,3,55.0,7.0,0.125,99.0
186,..\data\scores\Corelli_Arcangelo\op5n5-04.xml,Corelli_Arcangelo,op5n5-04,67,,,,note,F#3,F#,F,1.0,3,54.0,6.0,0.125,99.25
187,..\data\scores\Corelli_Arcangelo\op5n5-04.xml,Corelli_Arcangelo,op5n5-04,67,,,,note,G3,G,G,0.0,3,55.0,7.0,0.125,99.5
188,..\data\scores\Corelli_Arcangelo\op5n5-04.xml,Corelli_Arcangelo,op5n5-04,67,,,,note,A3,A,A,0.0,3,57.0,9.0,0.125,99.75
189,..\data\scores\Corelli_Arcangelo\op5n5-04.xml,Corelli_Arcangelo,op5n5-04,67,,,,note,Bb3,Bb,B,-1.0,3,58.0,10.0,0.125,100.0
190,..\data\scores\Corelli_Arcangelo\op5n5-04.xml,Corelli_Arcangelo,op5n5-04,67,,,,note,G3,G,G,0.0,3,55.0,7.0,0.125,100.25
191,..\data\scores\Corelli_Arcangelo\op5n5-04.xml,Corelli_Arcangelo,op5n5-04,68,,,,note,F3,F,F,0.0,3,53.0,5.0,0.125,100.5
192,..\data\scores\Corelli_Arcangelo\op5n5-04.xml,Corelli_Arcangelo,op5n5-04,68,,,,note,G3,G,G,0.0,3,55.0,7.0,0.125,100.75
193,..\data\scores\Corelli_Arcangelo\op5n5-04.xml,Corelli_Arcangelo,op5n5-04,68,,,,note,F3,F,F,0.0,3,53.0,5.0,0.125,101.0
194,..\data\scores\Corelli_Arcangelo\op5n5-04.xml,Corelli_Arcangelo,op5n5-04,68,,,,note,Eb3,Eb,E,-1.0,3,51.0,3.0,0.125,101.25
195,..\data\scores\Corelli_Arcangelo\op5n5-04.xml,Corelli_Arcangelo,op5n5-04,68,,,,note,D3,D,D,0.0,3,50.0,2.0,0.125,101.5
196,..\data\scores\Corelli_Arcangelo\op5n5-04.xml,Corelli_Arcangelo,op5n5-04,68,,,,note,C3,C,C,0.0,3,48.0,0.0,0.125,101.75
197,..\data\scores\Corelli_Arcangelo\op5n5-04.xml,Corelli_Arcangelo,op5n5-04,69,,,,note,Bb2,Bb,B,-1.0,2,46.0,10.0,0.125,102.0
198,..\data\scores\Corelli_Arcangelo\op5n5-04.xml,Corelli_Arcangelo,op5n5-04,69,,,,note,A2,A,A,0.0,2,45.0,9.0,0.125,102.25
199,..\data\scores\Corelli_Arcangelo\op5n5-04.xml,Corelli_Arcangelo,op5n5-04,69,,,,note,Bb2,Bb,B,-1.0,2,46.0,10.0,0.125,102.5
200,..\data\scores\Corelli_Arcangelo\op5n5-04.xml,Corelli_Arcangelo,op5n5-04,69,,,,note,C3,C,C,0.0,3,48.0,0.0,0.125,102.75
201,..\data\scores\Corelli_Arcangelo\op5n5-04.xml,Corelli_Arcangelo,op5n5-04,69,,,,note,D3,D,D,0.0,3,50.0,2.0,0.125,103.0
202,..\data\scores\Corelli_Arcangelo\op5n5-04.xml,Corelli_Arcangelo,op5n5-04,69,,,,note,E3,E,E,0.0,3,52.0,4.0,0.125,103.25
203,..\data\scores\Corelli_Arcangelo\op5n5-04.xml,Corelli_Arcangelo,op5n5-04,70,,,,note,F3,F,F,0.0,3,53.0,5.0,0.125,103.5
204,..\data\scores\Corelli_Arcangelo\op5n5-04.xml,Corelli_Arcangelo,op5n5-04,70,,,,note,E3,E,E,0.0,3,52.0,4.0,0.125,103.75
205,..\data\scores\Corelli_Arcangelo\op5n5-04.xml,Corelli_Arcangelo,op5n5-04,70,,,,note,F3,F,F,0.0,3,53.0,5.0,0.125,104.0
206,..\data\scores\Corelli_Arcangelo\op5n5-04.xml,Corelli_Arcangelo,op5n5-04,70,,,,note,G3,G,G,0.0,3,55.0,7.0,0.125,104.25
207,..\data\scores\Corelli_Arcangelo\op5n5-04.xml,Corelli_Arcangelo,op5n5-04,70,,,,note,A3,A,A,0.0,3,57.0,9.0,0.125,104.5
208,..\data\scores\Corelli_Arcangelo\op5n5-04.xml,Corelli_Arcangelo,op5n5-04,70,,,,note,F#3,F#,F,1.0,3,54.0,6.0,0.125,104.75
209,..\data\scores\Corelli_Arcangelo\op5n5-04.xml,Corelli_Arcangelo,op5n5-04,71,,,,note,G3,G,G,0.0,3,55.0,7.0,0.125,105.0
210,..\data\scores\Corelli_Arcangelo\op5n5-04.xml,Corelli_Arcangelo,op5n5-04,71,,,,note,F#3,F#,F,1.0,3,54.0,6.0,0.125,105.25
211,..\data\scores\Corelli_Arcangelo\op5n5-04.xml,Corelli_Arcangelo,op5n5-04,71,,,,note,G3,G,G,0.0,3,55.0,7.0,0.125,105.5
212,..\data\scores\Corelli_Arcangelo\op5n5-04.xml,Corelli_Arcangelo,op5n5-04,71,,,,note,A3,A,A,0.0,3,57.0,9.0,0.125,105.75
213,..\data\scores\Corelli_Arcangelo\op5n5-04.xml,Corelli_Arcangelo,op5n5-04,71,,,,note,Bb3,Bb,B,-1.0,3,58.0,10.0,0.125,106.0
214,..\data\scores\Corelli_Arcangelo\op5n5-04.xml,Corelli_Arcangelo,op5n5-04,71,,,,note,C4,C,C,0.0,4,60.0,0.0,0.125,106.25
215,..\data\scores\Corelli_Arcangelo\op5n5-04.xml,Corelli_Arcangelo,op5n5-04,72,,,,note,D4,D,D,0.0,4,62.0,2.0,0.25,106.5
216,..\data\scores\Corelli_Arcangelo\op5n5-04.xml,Corelli_Arcangelo,op5n5-04,72,,,,note,D3,D,D,0.0,3,50.0,2.0,0.5,107.0
217,..\data\scores\Corelli_Arcangelo\op5n5-04.xml,Corelli_Arcangelo,op5n5-04,73,,,,note,D4,D,D,0.0,4,62.0,2.0,0.125,108.0
218,..\data\scores\Corelli_Arcangelo\op5n5-04.xml,Corelli_Arcangelo,op5n5-04,73,,,,note,Eb4,Eb,E,-1.0,4,63.0,3.0,0.125,108.25
219,..\data\scores\Corelli_Arcangelo\op5n5-04.xml,Corelli_Arcangelo,op5n5-04,73,,,,note,D4,D,D,0.0,4,62.0,2.0,0.125,108.5
220,..\data\scores\Corelli_Arcangelo\op5n5-04.xml,Corelli_Arcangelo,op5n5-04,73,,,,note,C4,C,C,0.0,4,60.0,0.0,0.125,108.75
221,..\data\scores\Corelli_Arcangelo\op5n5-04.xml,Corelli_Arcangelo,op5n5-04,73,,,,note,Bb3,Bb,B,-1.0,3,58.0,10.0,0.125,109.0
222,..\data\scores\Corelli_Arcangelo\op5n5-04.xml,Corelli_Arcangelo,op5n5-04,73,,,,note,A3,A,A,0.0,3,57.0,9.0,0.125,109.25
223,..\data\scores\Corelli_Arcangelo\op5n5-04.xml,Corelli_Arcangelo,op5n5-04,74,,,,note,G3,G,G,0.0,3,55.0,7.0,0.125,109.5
224,..\data\scores\Corelli_Arcangelo\op5n5-04.xml,Corelli_Arcangelo,op5n5-04,74,,,,note,F#3,F#,F,1.0,3,54.0,6.0,0.125,109.75
225,..\data\scores\Corelli_Arcangelo\op5n5-04.xml,Corelli_Arcangelo,op5n5-04,74,,,,note,G3,G,G,0.0,3,55.0,7.0,0.125,110.0
226,..\data\scores\Corelli_Arcangelo\op5n5-04.xml,Corelli_Arcangelo,op5n5-04,74,,,,note,A3,A,A,0.0,3,57.0,9.0,0.125,110.25
227,..\data\scores\Corelli_Arcangelo\op5n5-04.xml,Corelli_Arcangelo,op5n5-04,74,,,,note,Bb3,Bb,B,-1.0,3,58.0,10.0,0.125,110.5
228,..\data\scores\Corelli_Arcangelo\op5n5-04.xml,Corelli_Arcangelo,op5n5-04,74,,,,note,G3,G,G,0.0,3,55.0,7.0,0.125,110.75
229,..\data\scores\Corelli_Arcangelo\op5n5-04.xml,Corelli_Arcangelo,op5n5-04,75,,,,note,C4,C,C,0.0,4,60.0,0.0,0.125,111.0
230,..\data\scores\Corelli_Arcangelo\op5n5-04.xml,Corelli_Arcangelo,op5n5-04,75,,,,note,D4,D,D,0.0,4,62.0,2.0,0.125,111.25
231,..\data\scores\Corelli_Arcangelo\op5n5-04.xml,Corelli_Arcangelo,op5n5-04,75,,,,note,C4,C,C,0.0,4,60.0,0.0,0.125,111.5
232,..\data\scores\Corelli_Arcangelo\op5n5-04.xml,Corelli_Arcangelo,op5n5-04,75,,,,note,Bb3,Bb,B,-1.0,3,58.0,10.0,0.125,111.75
233,..\data\scores\Corelli_Arcangelo\op5n5-04.xml,Corelli_Arcangelo,op5n5-04,75,,,,note,A3,A,A,0.0,3,57.0,9.0,0.125,112.0
234,..\data\scores\Corelli_Arcangelo\op5n5-04.xml,Corelli_Arcangelo,op5n5-04,75,,,,note,G3,G,G,0.0,3,55.0,7.0,0.125,112.25
235,..\data\scores\Corelli_Arcangelo\op5n5-04.xml,Corelli_Arcangelo,op5n5-04,76,,,,note,F3,F,F,0.0,3,53.0,5.0,0.125,112.5
236,..\data\scores\Corelli_Arcangelo\op5n5-04.xml,Corelli_Arcangelo,op5n5-04,76,,,,note,E3,E,E,0.0,3,52.0,4.0,0.125,112.75
237,..\data\scores\Corelli_Arcangelo\op5n5-04.xml,Corelli_Arcangelo,op5n5-04,76,,,,note,F3,F,F,0.0,3,53.0,5.0,0.125,113.0
238,..\data\scores\Corelli_Arcangelo\op5n5-04.xml,Corelli_Arcangelo,op5n5-04,76,,,,note,G3,G,G,0.0,3,55.0,7.0,0.125,113.25
239,..\data\scores\Corelli_Arcangelo\op5n5-04.xml,Corelli_Arcangelo,op5n5-04,76,,,,note,A3,A,A,0.0,3,57.0,9.0,0.125,113.5
240,..\data\scores\Corelli_Arcangelo\op5n5-04.xml,Corelli_Arcangelo,op5n5-04,76,,,,note,F3,F,F,0.0,3,53.0,5.0,0.125,113.75
241,..\data\scores\Corelli_Arcangelo\op5n5-04.xml,Corelli_Arcangelo,op5n5-04,77,,,,note,G3,G,G,0.0,3,55.0,7.0,0.125,114.0
242,..\data\scores\Corelli_Arcangelo\op5n5-04.xml,Corelli_Arcangelo,op5n5-04,77,,,,note,F3,F,F,0.0,3,53.0,5.0,0.125,114.25
243,..\data\scores\Corelli_Arcangelo\op5n5-04.xml,Corelli_Arcangelo,op5n5-04,77,,,,note,G3,G,G,0.0,3,55.0,7.0,0.125,114.5
244,..\data\scores\Corelli_Arcangelo\op5n5-04.xml,Corelli_Arcangelo,op5n5-04,77,,,,note,A3,A,A,0.0,3,57.0,9.0,0.125,114.75
245,..\data\scores\Corelli_Arcangelo\op5n5-04.xml,Corelli_Arcangelo,op5n5-04,77,,,,note,Bb3,Bb,B,-1.0,3,58.0,10.0,0.125,115.0
246,..\data\scores\Corelli_Arcangelo\op5n5-04.xml,Corelli_Arcangelo,op5n5-04,77,,,,note,G3,G,G,0.0,3,55.0,7.0,0.125,115.25
247,..\data\scores\Corelli_Arcangelo\op5n5-04.xml,Corelli_Arcangelo,op5n5-04,78,,,,note,A3,A,A,0.0,3,57.0,9.0,0.125,115.5
248,..\data\scores\Corelli_Arcangelo\op5n5-04.xml,Corelli_Arcangelo,op5n5-04,78,,,,note,C#4,C#,C,1.0,4,61.0,1.0,0.125,115.75
249,..\data\scores\Corelli_Arcangelo\op5n5-04.xml,Corelli_Arcangelo,op5n5-04,78,,,,note,D4,D,D,0.0,4,62.0,2.0,0.125,116.0
250,..\data\scores\Corelli_Arcangelo\op5n5-04.xml,Corelli_Arcangelo,op5n5-04,78,,,,note,A3,A,A,0.0,3,57.0,9.0,0.125,116.25
251,..\data\scores\Corelli_Arcangelo\op5n5-04.xml,Corelli_Arcangelo,op5n5-04,78,,,,note,Bb3,Bb,B,-1.0,3,58.0,10.0,0.125,116.5
252,..\data\scores\Corelli_Arcangelo\op5n5-04.xml,Corelli_Arcangelo,op5n5-04,78,,,,note,F3,F,F,0.0,3,53.0,5.0,0.125,116.75
253,..\data\scores\Corelli_Arcangelo\op5n5-04.xml,Corelli_Arcangelo,op5n5-04,79,,,,note,G3,G,G,0.0,3,55.0,7.0,0.125,117.0
254,..\data\scores\Corelli_Arcangelo\op5n5-04.xml,Corelli_Arcangelo,op5n5-04,79,,,,note,D3,D,D,0.0,3,50.0,2.0,0.125,117.25
255,..\data\scores\Corelli_Arcangelo\op5n5-04.xml,Corelli_Arcangelo,op5n5-04,79,,,,note,A3,A,A,0.0,3,57.0,9.0,0.25,117.5
256,..\data\scores\Corelli_Arcangelo\op5n5-04.xml,Corelli_Arcangelo,op5n5-04,79,,,,note,G2,G,G,0.0,2,43.0,7.0,0.25,118.0
257,..\data\scores\Corelli_Arcangelo\op5n5-04.xml,Corelli_Arcangelo,op5n5-04,80,,,,note,D3,D,D,0.0,3,50.0,2.0,0.75,118.5
258,..\data\scores\Corelli_Arcangelo\op5n5-04.xml,Corelli_Arcangelo,op5n5-04,81,,,,note,Bb2,Bb,B,-1.0,2,46.0,10.0,0.125,120.0
259,..\data\scores\Corelli_Arcangelo\op5n5-04.xml,Corelli_Arcangelo,op5n5-04,81,,,,note,A2,A,A,0.0,2,45.0,9.0,0.125,120.25
260,..\data\scores\Corelli_Arcangelo\op5n5-04.xml,Corelli_Arcangelo,op5n5-04,81,,,,note,Bb2,Bb,B,-1.0,2,46.0,10.0,0.125,120.5
261,..\data\scores\Corelli_Arcangelo\op5n5-04.xml,Corelli_Arcangelo,op5n5-04,81,,,,note,C3,C,C,0.0,3,48.0,0.0,0.125,120.75
262,..\data\scores\Corelli_Arcangelo\op5n5-04.xml,Corelli_Arcangelo,op5n5-04,81,,,,note,D3,D,D,0.0,3,50.0,2.0,0.125,121.0
263,..\data\scores\Corelli_Arcangelo\op5n5-04.xml,Corelli_Arcangelo,op5n5-04,81,,,,note,E3,E,E,0.0,3,52.0,4.0,0.125,121.25
264,..\data\scores\Corelli_Arcangelo\op5n5-04.xml,Corelli_Arcangelo,op5n5-04,82,,,,note,F3,F,F,0.0,3,53.0,5.0,0.125,121.5
265,..\data\scores\Corelli_Arcangelo\op5n5-04.xml,Corelli_Arcangelo,op5n5-04,82,,,,note,E3,E,E,0.0,3,52.0,4.0,0.125,121.75
266,..\data\scores\Corelli_Arcangelo\op5n5-04.xml,Corelli_Arcangelo,op5n5-04,82,,,,note,F3,F,F,0.0,3,53.0,5.0,0.125,122.0
267,..\data\scores\Corelli_Arcangelo\op5n5-04.xml,Corelli_Arcangelo,op5n5-04,82,,,,note,G3,G,G,0.0,3,55.0,7.0,0.125,122.25
268,..\data\scores\Corelli_Arcangelo\op5n5-04.xml,Corelli_Arcangelo,op5n5-04,82,,,,note,A3,A,A,0.0,3,57.0,9.0,0.125,122.5
269,..\data\scores\Corelli_Arcangelo\op5n5-04.xml,Corelli_Arcangelo,op5n5-04,82,,,,note,F3,F,F,0.0,3,53.0,5.0,0.125,122.75
270,..\data\scores\Corelli_Arcangelo\op5n5-04.xml,Corelli_Arcangelo,op5n5-04,83,,,,note,C3,C,C,0.0,3,48.0,0.0,0.125,123.0
271,..\data\scores\Corelli_Arcangelo\op5n5-04.xml,Corelli_Arcangelo,op5n5-04,83,,,,note,Bb2,Bb,B,-1.0,2,46.0,10.0,0.125,123.25
272,..\data\scores\Corelli_Arcangelo\op5n5-04.xml,Corelli_Arcangelo,op5n5-04,83,,,,note,C3,C,C,0.0,3,48.0,0.0,0.125,123.5
273,..\data\scores\Corelli_Arcangelo\op5n5-04.xml,Corelli_Arcangelo,op5n5-04,83,,,,note,D3,D,D,0.0,3,50.0,2.0,0.125,123.75
274,..\data\scores\Corelli_Arcangelo\op5n5-04.xml,Corelli_Arcangelo,op5n5-04,83,,,,note,Eb3,Eb,E,-1.0,3,51.0,3.0,0.125,124.0
275,..\data\scores\Corelli_Arcangelo\op5n5-04.xml,Corelli_Arcangelo,op5n5-04,83,,,,note,F3,F,F,0.0,3,53.0,5.0,0.125,124.25
276,..\data\scores\Corelli_Arcangelo\op5n5-04.xml,Corelli_Arcangelo,op5n5-04,84,,,,note,G3,G,G,0.0,3,55.0,7.0,0.125,124.5
277,..\data\scores\Corelli_Arcangelo\op5n5-04.xml,Corelli_Arcangelo,op5n5-04,84,,,,note,F#3,F#,F,1.0,3,54.0,6.0,0.125,124.75
278,..\data\scores\Corelli_Arcangelo\op5n5-04.xml,Corelli_Arcangelo,op5n5-04,84,,,,note,G3,G,G,0.0,3,55.0,7.0,0.125,125.0
279,..\data\scores\Corelli_Arcangelo\op5n5-04.xml,Corelli_Arcangelo,op5n5-04,84,,,,note,A3,A,A,0.0,3,57.0,9.0,0.125,125.25
280,..\data\scores\Corelli_Arcangelo\op5n5-04.xml,Corelli_Arcangelo,op5n5-04,84,,,,note,Bb3,Bb,B,-1.0,3,58.0,10.0,0.125,125.5
281,..\data\scores\Corelli_Arcangelo\op5n5-04.xml,Corelli_Arcangelo,op5n5-04,84,,,,note,G3,G,G,0.0,3,55.0,7.0,0.125,125.75
282,..\data\scores\Corelli_Arcangelo\op5n5-04.xml,Corelli_Arcangelo,op5n5-04,85,,,,note,C4,C,C,0.0,4,60.0,0.0,0.125,126.0
283,..\data\scores\Corelli_Arcangelo\op5n5-04.xml,Corelli_Arcangelo,op5n5-04,85,,,,note,Bb3,Bb,B,-1.0,3,58.0,10.0,0.125,126.25
284,..\data\scores\Corelli_Arcangelo\op5n5-04.xml,Corelli_Arcangelo,op5n5-04,85,,,,note,C4,C,C,0.0,4,60.0,0.0,0.125,126.5
285,..\data\scores\Corelli_Arcangelo\op5n5-04.xml,Corelli_Arcangelo,op5n5-04,85,,,,note,D4,D,D,0.0,4,62.0,2.0,0.125,126.75
286,..\data\scores\Corelli_Arcangelo\op5n5-04.xml,Corelli_Arcangelo,op5n5-04,85,,,,note,Eb4,Eb,E,-1.0,4,63.0,3.0,0.125,127.0
287,..\data\scores\Corelli_Arcangelo\op5n5-04.xml,Corelli_Arcangelo,op5n5-04,85,,,,note,C4,C,C,0.0,4,60.0,0.0,0.125,127.25
288,..\data\scores\Corelli_Arcangelo\op5n5-04.xml,Corelli_Arcangelo,op5n5-04,86,,,,note,D4,D,D,0.0,4,62.0,2.0,0.125,127.5
289,..\data\scores\Corelli_Arcangelo\op5n5-04.xml,Corelli_Arcangelo,op5n5-04,86,,,,note,F#3,F#,F,1.0,3,54.0,6.0,0.125,127.75
290,..\data\scores\Corelli_Arcangelo\op5n5-04.xml,Corelli_Arcangelo,op5n5-04,86,,,,note,G3,G,G,0.0,3,55.0,7.0,0.125,128.0
291,..\data\scores\Corelli_Arcangelo\op5n5-04.xml,Corelli_Arcangelo,op5n5-04,86,,,,note,D3,D,D,0.0,3,50.0,2.0,0.125,128.25
292,..\data\scores\Corelli_Arcangelo\op5n5-04.xml,Corelli_Arcangelo,op5n5-04,86,,,,note,Eb3,Eb,E,-1.0,3,51.0,3.0,0.125,128.5
293,..\data\scores\Corelli_Arcangelo\op5n5-04.xml,Corelli_Arcangelo,op5n5-04,86,,,,note,Bb2,Bb,B,-1.0,2,46.0,10.0,0.125,128.75
294,..\data\scores\Corelli_Arcangelo\op5n5-04.xml,Corelli_Arcangelo,op5n5-04,87,,,,note,C3,C,C,0.0,3,48.0,0.0,0.125,129.0
295,..\data\scores\Corelli_Arcangelo\op5n5-04.xml,Corelli_Arcangelo,op5n5-04,87,,,,note,G2,G,G,0.0,2,43.0,7.0,0.125,129.25
296,..\data\scores\Corelli_Arcangelo\op5n5-04.xml,Corelli_Arcangelo,op5n5-04,87,,,,note,D3,D,D,0.0,3,50.0,2.0,0.25,129.5
297,..\data\scores\Corelli_Arcangelo\op5n5-04.xml,Corelli_Arcangelo,op5n5-04,87,,,,note,D2,D,D,0.0,2,38.0,2.0,0.25,130.0
298,..\data\scores\Corelli_Arcangelo\op5n5-04.xml,Corelli_Arcangelo,op5n5-04,88,,,,note,G2,G,G,0.0,2,43.0,7.0,0.75,130.5
299,..\data\scores\Corelli_Arcangelo\op5n5-04.xml,Corelli_Arcangelo,op5n5-04,1,-1,major,0,note,D5,D,D,0.0,5,74.0,2.0,0.125,0
300,..\data\scores\Corelli_Arcangelo\op5n5-04.xml,Corelli_Arcangelo,op5n5-04,1,-1,major,0,note,G5,G,G,0.0,5,79.0,7.0,0.125,0.25
301,..\data\scores\Corelli_Arcangelo\op5n5-04.xml,Corelli_Arcangelo,op5n5-04,1,-1,major,0,note,Bb5,Bb,B,-1.0,5,82.0,10.0,0.125,0.5
302,..\data\scores\Corelli_Arcangelo\op5n5-04.xml,Corelli_Arcangelo,op5n5-04,1,-1,major,0,note,G5,G,G,0.0,5,79.0,7.0,0.125,0.75
303,..\data\scores\Corelli_Arcangelo\op5n5-04.xml,Corelli_Arcangelo,op5n5-04,1,-1,major,0,note,D5,D,D,0.0,5,74.0,2.0,0.125,1.0
304,..\data\scores\Corelli_Arcangelo\op5n5-04.xml,Corelli_Arcangelo,op5n5-04,1,-1,major,0,note,G5,G,G,0.0,5,79.0,7.0,0.125,1.25
305,..\data\scores\Corelli_Arcangelo\op5n5-04.xml,Corelli_Arcangelo,op5n5-04,2,,,,note,F#5,F#,F,1.0,5,78.0,6.0,0.5,1.5
306,..\data\scores\Corelli_Arcangelo\op5n5-04.xml,Corelli_Arcangelo,op5n5-04,2,,,,rest,,,,,,,,0.25,2.5
307,..\data\scores\Corelli_Arcangelo\op5n5-04.xml,Corelli_Arcangelo,op5n5-04,3,,,,note,Bb4,Bb,B,-1.0,4,70.0,10.0,0.125,3.0
308,..\data\scores\Corelli_Arcangelo\op5n5-04.xml,Corelli_Arcangelo,op5n5-04,3,,,,note,D5,D,D,0.0,5,74.0,2.0,0.125,3.25
309,..\data\scores\Corelli_Arcangelo\op5n5-04.xml,Corelli_Arcangelo,op5n5-04,3,,,,note,G5,G,G,0.0,5,79.0,7.0,0.125,3.5
310,..\data\scores\Corelli_Arcangelo\op5n5-04.xml,Corelli_Arcangelo,op5n5-04,3,,,,note,D5,D,D,0.0,5,74.0,2.0,0.125,3.75
311,..\data\scores\Corelli_Arcangelo\op5n5-04.xml,Corelli_Arcangelo,op5n5-04,3,,,,note,Bb4,Bb,B,-1.0,4,70.0,10.0,0.125,4.0
312,..\data\scores\Corelli_Arcangelo\op5n5-04.xml,Corelli_Arcangelo,op5n5-04,3,,,,note,G4,G,G,0.0,4,67.0,7.0,0.125,4.25
313,..\data\scores\Corelli_Arcangelo\op5n5-04.xml,Corelli_Arcangelo,op5n5-04,4,,,,note,A4,A,A,0.0,4,69.0,9.0,0.5,4.5
314,..\data\scores\Corelli_Arcangelo\op5n5-04.xml,Corelli_Arcangelo,op5n5-04,4,,,,rest,,,,,,,,0.25,5.5
315,..\data\scores\Corelli_Arcangelo\op5n5-04.xml,Corelli_Arcangelo,op5n5-04,5,,,,note,D5,D,D,0.0,5,74.0,2.0,0.125,6.0
316,..\data\scores\Corelli_Arcangelo\op5n5-04.xml,Corelli_Arcangelo,op5n5-04,5,,,,note,F5,F,F,0.0,5,77.0,5.0,0.125,6.25
317,..\data\scores\Corelli_Arcangelo\op5n5-04.xml,Corelli_Arcangelo,op5n5-04,5,,,,note,Bb5,Bb,B,-1.0,5,82.0,10.0,0.125,6.5
318,..\data\scores\Corelli_Arcangelo\op5n5-04.xml,Corelli_Arcangelo,op5n5-04,5,,,,note,F5,F,F,0.0,5,77.0,5.0,0.125,6.75
319,..\data\scores\Corelli_Arcangelo\op5n5-04.xml,Corelli_Arcangelo,op5n5-04,5,,,,note,D5,D,D,0.0,5,74.0,2.0,0.125,7.0
320,..\data\scores\Corelli_Arcangelo\op5n5-04.xml,Corelli_Arcangelo,op5n5-04,5,,,,note,Bb4,Bb,B,-1.0,4,70.0,10.0,0.125,7.25
321,..\data\scores\Corelli_Arcangelo\op5n5-04.xml,Corelli_Arcangelo,op5n5-04,6,,,,note,C5,C,C,0.0,5,72.0,0.0,0.5,7.5
322,..\data\scores\Corelli_Arcangelo\op5n5-04.xml,Corelli_Arcangelo,op5n5-04,6,,,,rest,,,,,,,,0.25,8.5
323,..\data\scores\Corelli_Arcangelo\op5n5-04.xml,Corelli_Arcangelo,op5n5-04,7,,,,note,Bb4,Bb,B,-1.0,4,70.0,10.0,0.125,9.0
324,..\data\scores\Corelli_Arcangelo\op5n5-04.xml,Corelli_Arcangelo,op5n5-04,7,,,,note,D5,D,D,0.0,5,74.0,2.0,0.125,9.25
325,..\data\scores\Corelli_Arcangelo\op5n5-04.xml,Corelli_Arcangelo,op5n5-04,7,,,,note,G4,G,G,0.0,4,67.0,7.0,0.125,9.5
326,..\data\scores\Corelli_Arcangelo\op5n5-04.xml,Corelli_Arcangelo,op5n5-04,7,,,,note,Bb4,Bb,B,-1.0,4,70.0,10.0,0.125,9.75
327,..\data\scores\Corelli_Arcangelo\op5n5-04.xml,Corelli_Arcangelo,op5n5-04,7,,,,note,Eb4,Eb,E,-1.0,4,63.0,3.0,0.125,10.0
328,..\data\scores\Corelli_Arcangelo\op5n5-04.xml,Corelli_Arcangelo,op5n5-04,7,,,,note,C5,C,C,0.0,5,72.0,0.0,0.125,10.25
329,..\data\scores\Corelli_Arcangelo\op5n5-04.xml,Corelli_Arcangelo,op5n5-04,8,,,,note,D5,D,D,0.0,5,74.0,2.0,0.5,10.5
330,..\data\scores\Corelli_Arcangelo\op5n5-04.xml,Corelli_Arcangelo,op5n5-04,8,,,,rest,,,,,,,,0.25,11.5
331,..\data\scores\Corelli_Arcangelo\op5n5-04.xml,Corelli_Arcangelo,op5n5-04,9,,,,note,F#5,F#,F,1.0,5,78.0,6.0,0.125,12.0
332,..\data\scores\Corelli_Arcangelo\op5n5-04.xml,Corelli_Arcangelo,op5n5-04,9,,,,note,A5,A,A,0.0,5,81.0,9.0,0.125,12.25
333,..\data\scores\Corelli_Arcangelo\op5n5-04.xml,Corelli_Arcangelo,op5n5-04,9,,,,note,D6,D,D,0.0,6,86.0,2.0,0.125,12.5
334,..\data\scores\Corelli_Arcangelo\op5n5-04.xml,Corelli_Arcangelo,op5n5-04,9,,,,note,A5,A,A,0.0,5,81.0,9.0,0.125,12.75
335,..\data\scores\Corelli_Arcangelo\op5n5-04.xml,Corelli_Arcangelo,op5n5-04,9,,,,note,F#5,F#,F,1.0,5,78.0,6.0,0.125,13.0
336,..\data\scores\Corelli_Arcangelo\op5n5-04.xml,Corelli_Arcangelo,op5n5-04,9,,,,note,A5,A,A,0.0,5,81.0,9.0,0.125,13.25
337,..\data\scores\Corelli_Arcangelo\op5n5-04.xml,Corelli_Arcangelo,op5n5-04,10,,,,note,Bb5,Bb,B,-1.0,5,82.0,10.0,0.5,13.5
338,..\data\scores\Corelli_Arcangelo\op5n5-04.xml,Corelli_Arcangelo,op5n5-04,10,,,,rest,,,,,,,,0.25,14.5
339,..\data\scores\Corelli_Arcangelo\op5n5-04.xml,Corelli_Arcangelo,op5n5-04,11,,,,note,E5,E,E,0.0,5,76.0,4.0,0.125,15.0
340,..\data\scores\Corelli_Arcangelo\op5n5-04.xml,Corelli_Arcangelo,op5n5-04,11,,,,note,G5,G,G,0.0,5,79.0,7.0,0.125,15.25
341,..\data\scores\Corelli_Arcangelo\op5n5-04.xml,Corelli_Arcangelo,op5n5-04,11,,,,note,C6,C,C,0.0,6,84.0,0.0,0.125,15.5
342,..\data\scores\Corelli_Arcangelo\op5n5-04.xml,Corelli_Arcangelo,op5n5-04,11,,,,note,G5,G,G,0.0,5,79.0,7.0,0.125,15.75
343,..\data\scores\Corelli_Arcangelo\op5n5-04.xml,Corelli_Arcangelo,op5n5-04,11,,,,note,E5,E,E,0.0,5,76.0,4.0,0.125,16.0
344,..\data\scores\Corelli_Arcangelo\op5n5-04.xml,Corelli_Arcangelo,op5n5-04,11,,,,note,G5,G,G,0.0,5,79.0,7.0,0.125,16.25
345,..\data\scores\Corelli_Arcangelo\op5n5-04.xml,Corelli_Arcangelo,op5n5-04,12,,,,note,A5,A,A,0.0,5,81.0,9.0,0.5,16.5
346,..\data\scores\Corelli_Arcangelo\op5n5-04.xml,Corelli_Arcangelo,op5n5-04,12,,,,rest,,,,,,,,0.25,17.5
347,..\data\scores\Corelli_Arcangelo\op5n5-04.xml,Corelli_Arcangelo,op5n5-04,13,,,,note,D5,D,D,0.0,5,74.0,2.0,0.125,18.0
348,..\data\scores\Corelli_Arcangelo\op5n5-04.xml,Corelli_Arcangelo,op5n5-04,13,,,,note,F5,F,F,0.0,5,77.0,5.0,0.125,18.25
349,..\data\scores\Corelli_Arcangelo\op5n5-04.xml,Corelli_Arcangelo,op5n5-04,13,,,,note,Bb5,Bb,B,-1.0,5,82.0,10.0,0.125,18.5
350,..\data\scores\Corelli_Arcangelo\op5n5-04.xml,Corelli_Arcangelo,op5n5-04,13,,,,note,G5,G,G,0.0,5,79.0,7.0,0.125,18.75
351,..\data\scores\Corelli_Arcangelo\op5n5-04.xml,Corelli_Arcangelo,op5n5-04,13,,,,note,E5,E,E,0.0,5,76.0,4.0,0.125,19.0
352,..\data\scores\Corelli_Arcangelo\op5n5-04.xml,Corelli_Arcangelo,op5n5-04,13,,,,note,G5,G,G,0.0,5,79.0,7.0,0.125,19.25
353,..\data\scores\Corelli_Arcangelo\op5n5-04.xml,Corelli_Arcangelo,op5n5-04,14,,,,note,C#5,C#,C,1.0,5,73.0,1.0,0.125,19.5
354,..\data\scores\Corelli_Arcangelo\op5n5-04.xml,Corelli_Arcangelo,op5n5-04,14,,,,note,E5,E,E,0.0,5,76.0,4.0,0.125,19.75
355,..\data\scores\Corelli_Arcangelo\op5n5-04.xml,Corelli_Arcangelo,op5n5-04,14,,,,note,A5,A,A,0.0,5,81.0,9.0,0.125,20.0
356,..\data\scores\Corelli_Arcangelo\op5n5-04.xml,Corelli_Arcangelo,op5n5-04,14,,,,note,A4,A,A,0.0,4,69.0,9.0,0.125,20.25
357,..\data\scores\Corelli_Arcangelo\op5n5-04.xml,Corelli_Arcangelo,op5n5-04,14,,,,note,D5,D,D,0.0,5,74.0,2.0,0.125,20.5
358,..\data\scores\Corelli_Arcangelo\op5n5-04.xml,Corelli_Arcangelo,op5n5-04,14,,,,note,A5,A,A,0.0,5,81.0,9.0,0.125,20.75
359,..\data\scores\Corelli_Arcangelo\op5n5-04.xml,Corelli_Arcangelo,op5n5-04,15,,,,note,G5,G,G,0.0,5,79.0,7.0,0.125,21.0
360,..\data\scores\Corelli_Arcangelo\op5n5-04.xml,Corelli_Arcangelo,op5n5-04,15,,,,note,F5,F,F,0.0,5,77.0,5.0,0.125,21.25
361,..\data\scores\Corelli_Arcangelo\op5n5-04.xml,Corelli_Arcangelo,op5n5-04,15,,,,note,E5,E,E,0.0,5,76.0,4.0,0.5,21.5
362,..\data\scores\Corelli_Arcangelo\op5n5-04.xml,Corelli_Arcangelo,op5n5-04,15,,,,note,A4,A,A,0.0,4,69.0,9.0,0.5,21.5
363,..\data\scores\Corelli_Arcangelo\op5n5-04.xml,Corelli_Arcangelo,op5n5-04,16,,,,note,D4,D,D,0.0,4,62.0,2.0,0.75,22.5
364,..\data\scores\Corelli_Arcangelo\op5n5-04.xml,Corelli_Arcangelo,op5n5-04,16,,,,note,A4,A,A,0.0,4,69.0,9.0,0.75,22.5
365,..\data\scores\Corelli_Arcangelo\op5n5-04.xml,Corelli_Arcangelo,op5n5-04,16,,,,note,F5,F,F,0.0,5,77.0,5.0,0.75,22.5
366,..\data\scores\Corelli_Arcangelo\op5n5-04.xml,Corelli_Arcangelo,op5n5-04,17,,,,note,D5,D,D,0.0,5,74.0,2.0,0.125,24.0
367,..\data\scores\Corelli_Arcangelo\op5n5-04.xml,Corelli_Arcangelo,op5n5-04,17,,,,note,F5,F,F,0.0,5,77.0,5.0,0.125,24.25
368,..\data\scores\Corelli_Arcangelo\op5n5-04.xml,Corelli_Arcangelo,op5n5-04,17,,,,note,Bb5,Bb,B,-1.0,5,82.0,10.0,0.125,24.5
369,..\data\scores\Corelli_Arcangelo\op5n5-04.xml,Corelli_Arcangelo,op5n5-04,17,,,,note,F5,F,F,0.0,5,77.0,5.0,0.125,24.75
370,..\data\scores\Corelli_Arcangelo\op5n5-04.xml,Corelli_Arcangelo,op5n5-04,17,,,,note,D5,D,D,0.0,5,74.0,2.0,0.125,25.0
371,..\data\scores\Corelli_Arcangelo\op5n5-04.xml,Corelli_Arcangelo,op5n5-04,17,,,,note,F5,F,F,0.0,5,77.0,5.0,0.125,25.25
372,..\data\scores\Corelli_Arcangelo\op5n5-04.xml,Corelli_Arcangelo,op5n5-04,18,,,,note,A4,A,A,0.0,4,69.0,9.0,0.5,25.5
373,..\data\scores\Corelli_Arcangelo\op5n5-04.xml,Corelli_Arcangelo,op5n5-04,18,,,,rest,,,,,,,,0.25,26.5
374,..\data\scores\Corelli_Arcangelo\op5n5-04.xml,Corelli_Arcangelo,op5n5-04,19,,,,note,Bb4,Bb,B,-1.0,4,70.0,10.0,0.125,27.0
375,..\data\scores\Corelli_Arcangelo\op5n5-04.xml,Corelli_Arcangelo,op5n5-04,19,,,,note,D5,D,D,0.0,5,74.0,2.0,0.125,27.25
376,..\data\scores\Corelli_Arcangelo\op5n5-04.xml,Corelli_Arcangelo,op5n5-04,19,,,,note,G5,G,G,0.0,5,79.0,7.0,0.125,27.5
377,..\data\scores\Corelli_Arcangelo\op5n5-04.xml,Corelli_Arcangelo,op5n5-04,19,,,,note,D5,D,D,0.0,5,74.0,2.0,0.125,27.75
378,..\data\scores\Corelli_Arcangelo\op5n5-04.xml,Corelli_Arcangelo,op5n5-04,19,,,,note,Bb4,Bb,B,-1.0,4,70.0,10.0,0.125,28.0
379,..\data\scores\Corelli_Arcangelo\op5n5-04.xml,Corelli_Arcangelo,op5n5-04,19,,,,note,D5,D,D,0.0,5,74.0,2.0,0.125,28.25
380,..\data\scores\Corelli_Arcangelo\op5n5-04.xml,Corelli_Arcangelo,op5n5-04,20,,,,note,F#4,F#,F,1.0,4,66.0,6.0,0.5,28.5
381,..\data\scores\Corelli_Arcangelo\op5n5-04.xml,Corelli_Arcangelo,op5n5-04,20,,,,rest,,,,,,,,0.25,29.5
382,..\data\scores\Corelli_Arcangelo\op5n5-04.xml,Corelli_Arcangelo,op5n5-04,21,,,,note,D5,D,D,0.0,5,74.0,2.0,0.125,30.0
383,..\data\scores\Corelli_Arcangelo\op5n5-04.xml,Corelli_Arcangelo,op5n5-04,21,,,,note,G5,G,G,0.0,5,79.0,7.0,0.125,30.25
384,..\data\scores\Corelli_Arcangelo\op5n5-04.xml,Corelli_Arcangelo,op5n5-04,21,,,,note,Bb5,Bb,B,-1.0,5,82.0,10.0,0.125,30.5
385,..\data\scores\Corelli_Arcangelo\op5n5-04.xml,Corelli_Arcangelo,op5n5-04,21,,,,note,G5,G,G,0.0,5,79.0,7.0,0.125,30.75
386,..\data\scores\Corelli_Arcangelo\op5n5-04.xml,Corelli_Arcangelo,op5n5-04,21,,,,note,D5,D,D,0.0,5,74.0,2.0,0.125,31.0
387,..\data\scores\Corelli_Arcangelo\op5n5-04.xml,Corelli_Arcangelo,op5n5-04,21,,,,note,G5,G,G,0.0,5,79.0,7.0,0.125,31.25
388,..\data\scores\Corelli_Arcangelo\op5n5-04.xml,Corelli_Arcangelo,op5n5-04,22,,,,note,Eb5,Eb,E,-1.0,5,75.0,3.0,0.125,31.5
389,..\data\scores\Corelli_Arcangelo\op5n5-04.xml,Corelli_Arcangelo,op5n5-04,22,,,,note,C5,C,C,0.0,5,72.0,0.0,0.125,31.75
390,..\data\scores\Corelli_Arcangelo\op5n5-04.xml,Corelli_Arcangelo,op5n5-04,22,,,,note,D5,D,D,0.0,5,74.0,2.0,0.125,32.0
391,..\data\scores\Corelli_Arcangelo\op5n5-04.xml,Corelli_Arcangelo,op5n5-04,22,,,,note,F#4,F#,F,1.0,4,66.0,6.0,0.125,32.25
392,..\data\scores\Corelli_Arcangelo\op5n5-04.xml,Corelli_Arcangelo,op5n5-04,22,,,,note,G4,G,G,0.0,4,67.0,7.0,0.125,32.5
393,..\data\scores\Corelli_Arcangelo\op5n5-04.xml,Corelli_Arcangelo,op5n5-04,22,,,,note,D5,D,D,0.0,5,74.0,2.0,0.125,32.75
394,..\data\scores\Corelli_Arcangelo\op5n5-04.xml,Corelli_Arcangelo,op5n5-04,23,,,,note,C5,C,C,0.0,5,72.0,0.0,0.125,33.0
395,..\data\scores\Corelli_Arcangelo\op5n5-04.xml,Corelli_Arcangelo,op5n5-04,23,,,,note,Bb4,Bb,B,-1.0,4,70.0,10.0,0.125,33.25
396,..\data\scores\Corelli_Arcangelo\op5n5-04.xml,Corelli_Arcangelo,op5n5-04,23,,,,note,D4,D,D,0.0,4,62.0,2.0,0.5,33.5
397,..\data\scores\Corelli_Arcangelo\op5n5-04.xml,Corelli_Arcangelo,op5n5-04,23,,,,note,A4,A,A,0.0,4,69.0,9.0,0.5,33.5
398,..\data\scores\Corelli_Arcangelo\op5n5-04.xml,Corelli_Arcangelo,op5n5-04,24,,,,note,G5,G,G,0.0,5,79.0,7.0,0.75,34.5
399,..\data\scores\Corelli_Arcangelo\op5n5-04.xml,Corelli_Arcangelo,op5n5-04,24,,,,note,Bb4,Bb,B,-1.0,4,70.0,10.0,0.75,34.5
400,..\data\scores\Corelli_Arcangelo\op5n5-04.xml,Corelli_Arcangelo,op5n5-04,24,,,,note,G3,G,G,0.0,3,55.0,7.0,0.75,34.5
401,..\data\scores\Corelli_Arcangelo\op5n5-04.xml,Corelli_Arcangelo,op5n5-04,24,,,,note,D4,D,D,0.0,4,62.0,2.0,0.75,34.5
402,..\data\scores\Corelli_Arcangelo\op5n5-04.xml,Corelli_Arcangelo,op5n5-04,25,,,,note,D5,D,D,0.0,5,74.0,2.0,0.125,36.0
403,..\data\scores\Corelli_Arcangelo\op5n5-04.xml,Corelli_Arcangelo,op5n5-04,25,,,,note,F5,F,F,0.0,5,77.0,5.0,0.125,36.25
404,..\data\scores\Corelli_Arcangelo\op5n5-04.xml,Corelli_Arcangelo,op5n5-04,25,,,,note,Bb5,Bb,B,-1.0,5,82.0,10.0,0.125,36.5
405,..\data\scores\Corelli_Arcangelo\op5n5-04.xml,Corelli_Arcangelo,op5n5-04,25,,,,note,F5,F,F,0.0,5,77.0,5.0,0.125,36.75
406,..\data\scores\Corelli_Arcangelo\op5n5-04.xml,Corelli_Arcangelo,op5n5-04,25,,,,note,D5,D,D,0.0,5,74.0,2.0,0.125,37.0
407,..\data\scores\Corelli_Arcangelo\op5n5-04.xml,Corelli_Arcangelo,op5n5-04,25,,,,note,F5,F,F,0.0,5,77.0,5.0,0.125,37.25
408,..\data\scores\Corelli_Arcangelo\op5n5-04.xml,Corelli_Arcangelo,op5n5-04,26,,,,note,A4,A,A,0.0,4,69.0,9.0,0.5,37.5
409,..\data\scores\Corelli_Arcangelo\op5n5-04.xml,Corelli_Arcangelo,op5n5-04,26,,,,rest,,,,,,,,0.25,38.5
410,..\data\scores\Corelli_Arcangelo\op5n5-04.xml,Corelli_Arcangelo,op5n5-04,27,,,,note,Bb4,Bb,B,-1.0,4,70.0,10.0,0.125,39.0
411,..\data\scores\Corelli_Arcangelo\op5n5-04.xml,Corelli_Arcangelo,op5n5-04,27,,,,note,D5,D,D,0.0,5,74.0,2.0,0.125,39.25
412,..\data\scores\Corelli_Arcangelo\op5n5-04.xml,Corelli_Arcangelo,op5n5-04,27,,,,note,G5,G,G,0.0,5,79.0,7.0,0.125,39.5
413,..\data\scores\Corelli_Arcangelo\op5n5-04.xml,Corelli_Arcangelo,op5n5-04,27,,,,note,D5,D,D,0.0,5,74.0,2.0,0.125,39.75
414,..\data\scores\Corelli_Arcangelo\op5n5-04.xml,Corelli_Arcangelo,op5n5-04,27,,,,note,Bb4,Bb,B,-1.0,4,70.0,10.0,0.125,40.0
415,..\data\scores\Corelli_Arcangelo\op5n5-04.xml,Corelli_Arcangelo,op5n5-04,27,,,,note,D5,D,D,0.0,5,74.0,2.0,0.125,40.25
416,..\data\scores\Corelli_Arcangelo\op5n5-04.xml,Corelli_Arcangelo,op5n5-04,28,,,,note,F#4,F#,F,1.0,4,66.0,6.0,0.5,40.5
417,..\data\scores\Corelli_Arcangelo\op5n5-04.xml,Corelli_Arcangelo,op5n5-04,28,,,,rest,,,,,,,,0.25,41.5
418,..\data\scores\Corelli_Arcangelo\op5n5-04.xml,Corelli_Arcangelo,op5n5-04,29,,,,note,D5,D,D,0.0,5,74.0,2.0,0.125,42.0
419,..\data\scores\Corelli_Arcangelo\op5n5-04.xml,Corelli_Arcangelo,op5n5-04,29,,,,note,G5,G,G,0.0,5,79.0,7.0,0.125,42.25
420,..\data\scores\Corelli_Arcangelo\op5n5-04.xml,Corelli_Arcangelo,op5n5-04,29,,,,note,Bb5,Bb,B,-1.0,5,82.0,10.0,0.125,42.5
421,..\data\scores\Corelli_Arcangelo\op5n5-04.xml,Corelli_Arcangelo,op5n5-04,29,,,,note,G5,G,G,0.0,5,79.0,7.0,0.125,42.75
422,..\data\scores\Corelli_Arcangelo\op5n5-04.xml,Corelli_Arcangelo,op5n5-04,29,,,,note,D5,D,D,0.0,5,74.0,2.0,0.125,43.0
423,..\data\scores\Corelli_Arcangelo\op5n5-04.xml,Corelli_Arcangelo,op5n5-04,29,,,,note,G5,G,G,0.0,5,79.0,7.0,0.125,43.25
424,..\data\scores\Corelli_Arcangelo\op5n5-04.xml,Corelli_Arcangelo,op5n5-04,30,,,,note,Eb5,Eb,E,-1.0,5,75.0,3.0,0.125,43.5
425,..\data\scores\Corelli_Arcangelo\op5n5-04.xml,Corelli_Arcangelo,op5n5-04,30,,,,note,C5,C,C,0.0,5,72.0,0.0,0.125,43.75
426,..\data\scores\Corelli_Arcangelo\op5n5-04.xml,Corelli_Arcangelo,op5n5-04,30,,,,note,D5,D,D,0.0,5,74.0,2.0,0.125,44.0
427,..\data\scores\Corelli_Arcangelo\op5n5-04.xml,Corelli_Arcangelo,op5n5-04,30,,,,note,F#4,F#,F,1.0,4,66.0,6.0,0.125,44.25
428,..\data\scores\Corelli_Arcangelo\op5n5-04.xml,Corelli_Arcangelo,op5n5-04,30,,,,note,G4,G,G,0.0,4,67.0,7.0,0.125,44.5
429,..\data\scores\Corelli_Arcangelo\op5n5-04.xml,Corelli_Arcangelo,op5n5-04,30,,,,note,D5,D,D,0.0,5,74.0,2.0,0.125,44.75
430,..\data\scores\Corelli_Arcangelo\op5n5-04.xml,Corelli_Arcangelo,op5n5-04,31,,,,note,C5,C,C,0.0,5,72.0,0.0,0.125,45.0
431,..\data\scores\Corelli_Arcangelo\op5n5-04.xml,Corelli_Arcangelo,op5n5-04,31,,,,note,Bb4,Bb,B,-1.0,4,70.0,10.0,0.125,45.25
432,..\data\scores\Corelli_Arcangelo\op5n5-04.xml,Corelli_Arcangelo,op5n5-04,31,,,,note,A4,A,A,0.0,4,69.0,9.0,0.5,45.5
433,..\data\scores\Corelli_Arcangelo\op5n5-04.xml,Corelli_Arcangelo,op5n5-04,31,,,,note,D4,D,D,0.0,4,62.0,2.0,0.5,45.5
434,..\data\scores\Corelli_Arcangelo\op5n5-04.xml,Corelli_Arcangelo,op5n5-04,32,,,,note,G3,G,G,0.0,3,55.0,7.0,0.75,46.5
435,..\data\scores\Corelli_Arcangelo\op5n5-04.xml,Corelli_Arcangelo,op5n5-04,32,,,,note,Bb4,Bb,B,-1.0,4,70.0,10.0,0.75,46.5
436,..\data\scores\Corelli_Arcangelo\op5n5-04.xml,Corelli_Arcangelo,op5n5-04,32,,,,note,G5,G,G,0.0,5,79.0,7.0,0.75,46.5
437,..\data\scores\Corelli_Arcangelo\op5n5-04.xml,Corelli_Arcangelo,op5n5-04,32,,,,note,D4,D,D,0.0,4,62.0,2.0,0.75,46.5
438,..\data\scores\Corelli_Arcangelo\op5n5-04.xml,Corelli_Arcangelo,op5n5-04,33,,,,note,D5,D,D,0.0,5,74.0,2.0,0.125,48.0
439,..\data\scores\Corelli_Arcangelo\op5n5-04.xml,Corelli_Arcangelo,op5n5-04,33,,,,note,G5,G,G,0.0,5,79.0,7.0,0.125,48.25
440,..\data\scores\Corelli_Arcangelo\op5n5-04.xml,Corelli_Arcangelo,op5n5-04,33,,,,note,Bb5,Bb,B,-1.0,5,82.0,10.0,0.125,48.5
441,..\data\scores\Corelli_Arcangelo\op5n5-04.xml,Corelli_Arcangelo,op5n5-04,33,,,,note,G5,G,G,0.0,5,79.0,7.0,0.125,48.75
442,..\data\scores\Corelli_Arcangelo\op5n5-04.xml,Corelli_Arcangelo,op5n5-04,33,,,,note,D5,D,D,0.0,5,74.0,2.0,0.125,49.0
443,..\data\scores\Corelli_Arcangelo\op5n5-04.xml,Corelli_Arcangelo,op5n5-04,33,,,,note,G5,G,G,0.0,5,79.0,7.0,0.125,49.25
444,..\data\scores\Corelli_Arcangelo\op5n5-04.xml,Corelli_Arcangelo,op5n5-04,34,,,,note,F#5,F#,F,1.0,5,78.0,6.0,0.125,49.5
445,..\data\scores\Corelli_Arcangelo\op5n5-04.xml,Corelli_Arcangelo,op5n5-04,34,,,,note,A5,A,A,0.0,5,81.0,9.0,0.125,49.75
446,..\data\scores\Corelli_Arcangelo\op5n5-04.xml,Corelli_Arcangelo,op5n5-04,34,,,,note,D5,D,D,0.0,5,74.0,2.0,0.125,50.0
447,..\data\scores\Corelli_Arcangelo\op5n5-04.xml,Corelli_Arcangelo,op5n5-04,34,,,,note,F#5,F#,F,1.0,5,78.0,6.0,0.125,50.25
448,..\data\scores\Corelli_Arcangelo\op5n5-04.xml,Corelli_Arcangelo,op5n5-04,34,,,,note,A4,A,A,0.0,4,69.0,9.0,0.125,50.5
449,..\data\scores\Corelli_Arcangelo\op5n5-04.xml,Corelli_Arcangelo,op5n5-04,34,,,,note,C5,C,C,0.0,5,72.0,0.0,0.125,50.75
450,..\data\scores\Corelli_Arcangelo\op5n5-04.xml,Corelli_Arcangelo,op5n5-04,35,,,,note,Bb4,Bb,B,-1.0,4,70.0,10.0,0.125,51.0
451,..\data\scores\Corelli_Arcangelo\op5n5-04.xml,Corelli_Arcangelo,op5n5-04,35,,,,note,D5,D,D,0.0,5,74.0,2.0,0.125,51.25
452,..\data\scores\Corelli_Arcangelo\op5n5-04.xml,Corelli_Arcangelo,op5n5-04,35,,,,note,G5,G,G,0.0,5,79.0,7.0,0.125,51.5
453,..\data\scores\Corelli_Arcangelo\op5n5-04.xml,Corelli_Arcangelo,op5n5-04,35,,,,note,D5,D,D,0.0,5,74.0,2.0,0.125,51.75
454,..\data\scores\Corelli_Arcangelo\op5n5-04.xml,Corelli_Arcangelo,op5n5-04,35,,,,note,Bb4,Bb,B,-1.0,4,70.0,10.0,0.125,52.0
455,..\data\scores\Corelli_Arcangelo\op5n5-04.xml,Corelli_Arcangelo,op5n5-04,35,,,,note,G4,G,G,0.0,4,67.0,7.0,0.125,52.25
456,..\data\scores\Corelli_Arcangelo\op5n5-04.xml,Corelli_Arcangelo,op5n5-04,36,,,,note,A4,A,A,0.0,4,69.0,9.0,0.125,52.5
457,..\data\scores\Corelli_Arcangelo\op5n5-04.xml,Corelli_Arcangelo,op5n5-04,36,,,,note,C5,C,C,0.0,5,72.0,0.0,0.125,52.75
458,..\data\scores\Corelli_Arcangelo\op5n5-04.xml,Corelli_Arcangelo,op5n5-04,36,,,,note,F5,F,F,0.0,5,77.0,5.0,0.125,53.0
459,..\data\scores\Corelli_Arcangelo\op5n5-04.xml,Corelli_Arcangelo,op5n5-04,36,,,,note,C5,C,C,0.0,5,72.0,0.0,0.125,53.25
460,..\data\scores\Corelli_Arcangelo\op5n5-04.xml,Corelli_Arcangelo,op5n5-04,36,,,,note,A4,A,A,0.0,4,69.0,9.0,0.125,53.5
461,..\data\scores\Corelli_Arcangelo\op5n5-04.xml,Corelli_Arcangelo,op5n5-04,36,,,,note,C5,C,C,0.0,5,72.0,0.0,0.125,53.75
462,..\data\scores\Corelli_Arcangelo\op5n5-04.xml,Corelli_Arcangelo,op5n5-04,37,,,,note,D5,D,D,0.0,5,74.0,2.0,0.125,54.0
463,..\data\scores\Corelli_Arcangelo\op5n5-04.xml,Corelli_Arcangelo,op5n5-04,37,,,,note,F5,F,F,0.0,5,77.0,5.0,0.125,54.25
464,..\data\scores\Corelli_Arcangelo\op5n5-04.xml,Corelli_Arcangelo,op5n5-04,37,,,,note,Bb5,Bb,B,-1.0,5,82.0,10.0,0.125,54.5
465,..\data\scores\Corelli_Arcangelo\op5n5-04.xml,Corelli_Arcangelo,op5n5-04,37,,,,note,F5,F,F,0.0,5,77.0,5.0,0.125,54.75
466,..\data\scores\Corelli_Arcangelo\op5n5-04.xml,Corelli_Arcangelo,op5n5-04,37,,,,note,D5,D,D,0.0,5,74.0,2.0,0.125,55.0
467,..\data\scores\Corelli_Arcangelo\op5n5-04.xml,Corelli_Arcangelo,op5n5-04,37,,,,note,Bb4,Bb,B,-1.0,4,70.0,10.0,0.125,55.25
468,..\data\scores\Corelli_Arcangelo\op5n5-04.xml,Corelli_Arcangelo,op5n5-04,38,,,,note,C5,C,C,0.0,5,72.0,0.0,0.125,55.5
469,..\data\scores\Corelli_Arcangelo\op5n5-04.xml,Corelli_Arcangelo,op5n5-04,38,,,,note,Bb5,Bb,B,-1.0,5,82.0,10.0,0.125,55.75
470,..\data\scores\Corelli_Arcangelo\op5n5-04.xml,Corelli_Arcangelo,op5n5-04,38,,,,note,A5,A,A,0.0,5,81.0,9.0,0.125,56.0
471,..\data\scores\Corelli_Arcangelo\op5n5-04.xml,Corelli_Arcangelo,op5n5-04,38,,,,note,C5,C,C,0.0,5,72.0,0.0,0.125,56.25
472,..\data\scores\Corelli_Arcangelo\op5n5-04.xml,Corelli_Arcangelo,op5n5-04,38,,,,note,A4,A,A,0.0,4,69.0,9.0,0.125,56.5
473,..\data\scores\Corelli_Arcangelo\op5n5-04.xml,Corelli_Arcangelo,op5n5-04,38,,,,note,C5,C,C,0.0,5,72.0,0.0,0.125,56.75
474,..\data\scores\Corelli_Arcangelo\op5n5-04.xml,Corelli_Arcangelo,op5n5-04,39,,,,note,Bb4,Bb,B,-1.0,4,70.0,10.0,0.125,57.0
475,..\data\scores\Corelli_Arcangelo\op5n5-04.xml,Corelli_Arcangelo,op5n5-04,39,,,,note,D5,D,D,0.0,5,74.0,2.0,0.125,57.25
476,..\data\scores\Corelli_Arcangelo\op5n5-04.xml,Corelli_Arcangelo,op5n5-04,39,,,,note,G4,G,G,0.0,4,67.0,7.0,0.125,57.5
477,..\data\scores\Corelli_Arcangelo\op5n5-04.xml,Corelli_Arcangelo,op5n5-04,39,,,,note,Bb4,Bb,B,-1.0,4,70.0,10.0,0.125,57.75
478,..\data\scores\Corelli_Arcangelo\op5n5-04.xml,Corelli_Arcangelo,op5n5-04,39,,,,note,Eb4,Eb,E,-1.0,4,63.0,3.0,0.125,58.0
479,..\data\scores\Corelli_Arcangelo\op5n5-04.xml,Corelli_Arcangelo,op5n5-04,39,,,,note,C5,C,C,0.0,5,72.0,0.0,0.125,58.25
480,..\data\scores\Corelli_Arcangelo\op5n5-04.xml,Corelli_Arcangelo,op5n5-04,40,,,,note,D5,D,D,0.0,5,74.0,2.0,0.25,58.5
481,..\data\scores\Corelli_Arcangelo\op5n5-04.xml,Corelli_Arcangelo,op5n5-04,40,,,,note,D4,D,D,0.0,4,62.0,2.0,0.5,59.0
482,..\data\scores\Corelli_Arcangelo\op5n5-04.xml,Corelli_Arcangelo,op5n5-04,41,,,,note,F#5,F#,F,1.0,5,78.0,6.0,0.125,60.0
483,..\data\scores\Corelli_Arcangelo\op5n5-04.xml,Corelli_Arcangelo,op5n5-04,41,,,,note,A5,A,A,0.0,5,81.0,9.0,0.125,60.25
484,..\data\scores\Corelli_Arcangelo\op5n5-04.xml,Corelli_Arcangelo,op5n5-04,41,,,,note,D6,D,D,0.0,6,86.0,2.0,0.125,60.5
485,..\data\scores\Corelli_Arcangelo\op5n5-04.xml,Corelli_Arcangelo,op5n5-04,41,,,,note,A5,A,A,0.0,5,81.0,9.0,0.125,60.75
486,..\data\scores\Corelli_Arcangelo\op5n5-04.xml,Corelli_Arcangelo,op5n5-04,41,,,,note,F#5,F#,F,1.0,5,78.0,6.0,0.125,61.0
487,..\data\scores\Corelli_Arcangelo\op5n5-04.xml,Corelli_Arcangelo,op5n5-04,41,,,,note,A5,A,A,0.0,5,81.0,9.0,0.125,61.25
488,..\data\scores\Corelli_Arcangelo\op5n5-04.xml,Corelli_Arcangelo,op5n5-04,42,,,,note,Bb5,Bb,B,-1.0,5,82.0,10.0,0.125,61.5
489,..\data\scores\Corelli_Arcangelo\op5n5-04.xml,Corelli_Arcangelo,op5n5-04,42,,,,note,D6,D,D,0.0,6,86.0,2.0,0.125,61.75
490,..\data\scores\Corelli_Arcangelo\op5n5-04.xml,Corelli_Arcangelo,op5n5-04,42,,,,note,G5,G,G,0.0,5,79.0,7.0,0.125,62.0
491,..\data\scores\Corelli_Arcangelo\op5n5-04.xml,Corelli_Arcangelo,op5n5-04,42,,,,note,Bb5,Bb,B,-1.0,5,82.0,10.0,0.125,62.25
492,..\data\scores\Corelli_Arcangelo\op5n5-04.xml,Corelli_Arcangelo,op5n5-04,42,,,,note,D5,D,D,0.0,5,74.0,2.0,0.125,62.5
493,..\data\scores\Corelli_Arcangelo\op5n5-04.xml,Corelli_Arcangelo,op5n5-04,42,,,,note,G5,G,G,0.0,5,79.0,7.0,0.125,62.75
494,..\data\scores\Corelli_Arcangelo\op5n5-04.xml,Corelli_Arcangelo,op5n5-04,43,,,,note,E5,E,E,0.0,5,76.0,4.0,0.125,63.0
495,..\data\scores\Corelli_Arcangelo\op5n5-04.xml,Corelli_Arcangelo,op5n5-04,43,,,,note,G5,G,G,0.0,5,79.0,7.0,0.125,63.25
496,..\data\scores\Corelli_Arcangelo\op5n5-04.xml,Corelli_Arcangelo,op5n5-04,43,,,,note,C6,C,C,0.0,6,84.0,0.0,0.125,63.5
497,..\data\scores\Corelli_Arcangelo\op5n5-04.xml,Corelli_Arcangelo,op5n5-04,43,,,,note,G5,G,G,0.0,5,79.0,7.0,0.125,63.75
498,..\data\scores\Corelli_Arcangelo\op5n5-04.xml,Corelli_Arcangelo,op5n5-04,43,,,,note,E5,E,E,0.0,5,76.0,4.0,0.125,64.0
499,..\data\scores\Corelli_Arcangelo\op5n5-04.xml,Corelli_Arcangelo,op5n5-04,43,,,,note,G5,G,G,0.0,5,79.0,7.0,0.125,64.25
500,..\data\scores\Corelli_Arcangelo\op5n5-04.xml,Corelli_Arcangelo,op5n5-04,44,,,,note,A5,A,A,0.0,5,81.0,9.0,0.125,64.5
501,..\data\scores\Corelli_Arcangelo\op5n5-04.xml,Corelli_Arcangelo,op5n5-04,44,,,,note,C6,C,C,0.0,6,84.0,0.0,0.125,64.75
502,..\data\scores\Corelli_Arcangelo\op5n5-04.xml,Corelli_Arcangelo,op5n5-04,44,,,,note,F5,F,F,0.0,5,77.0,5.0,0.125,65.0
503,..\data\scores\Corelli_Arcangelo\op5n5-04.xml,Corelli_Arcangelo,op5n5-04,44,,,,note,A5,A,A,0.0,5,81.0,9.0,0.125,65.25
504,..\data\scores\Corelli_Arcangelo\op5n5-04.xml,Corelli_Arcangelo,op5n5-04,44,,,,note,C5,C,C,0.0,5,72.0,0.0,0.125,65.5
505,..\data\scores\Corelli_Arcangelo\op5n5-04.xml,Corelli_Arcangelo,op5n5-04,44,,,,note,F5,F,F,0.0,5,77.0,5.0,0.125,65.75
506,..\data\scores\Corelli_Arcangelo\op5n5-04.xml,Corelli_Arcangelo,op5n5-04,45,,,,note,D5,D,D,0.0,5,74.0,2.0,0.125,66.0
507,..\data\scores\Corelli_Arcangelo\op5n5-04.xml,Corelli_Arcangelo,op5n5-04,45,,,,note,F5,F,F,0.0,5,77.0,5.0,0.125,66.25
508,..\data\scores\Corelli_Arcangelo\op5n5-04.xml,Corelli_Arcangelo,op5n5-04,45,,,,note,Bb5,Bb,B,-1.0,5,82.0,10.0,0.125,66.5
509,..\data\scores\Corelli_Arcangelo\op5n5-04.xml,Corelli_Arcangelo,op5n5-04,45,,,,note,G5,G,G,0.0,5,79.0,7.0,0.125,66.75
510,..\data\scores\Corelli_Arcangelo\op5n5-04.xml,Corelli_Arcangelo,op5n5-04,45,,,,note,E5,E,E,0.0,5,76.0,4.0,0.125,67.0
511,..\data\scores\Corelli_Arcangelo\op5n5-04.xml,Corelli_Arcangelo,op5n5-04,45,,,,note,G5,G,G,0.0,5,79.0,7.0,0.125,67.25
512,..\data\scores\Corelli_Arcangelo\op5n5-04.xml,Corelli_Arcangelo,op5n5-04,46,,,,note,C#5,C#,C,1.0,5,73.0,1.0,0.125,67.5
513,..\data\scores\Corelli_Arcangelo\op5n5-04.xml,Corelli_Arcangelo,op5n5-04,46,,,,note,E5,E,E,0.0,5,76.0,4.0,0.125,67.75
514,..\data\scores\Corelli_Arcangelo\op5n5-04.xml,Corelli_Arcangelo,op5n5-04,46,,,,note,A4,A,A,0.0,4,69.0,9.0,0.125,68.0
515,..\data\scores\Corelli_Arcangelo\op5n5-04.xml,Corelli_Arcangelo,op5n5-04,46,,,,note,D5,D,D,0.0,5,74.0,2.0,0.125,68.25
516,..\data\scores\Corelli_Arcangelo\op5n5-04.xml,Corelli_Arcangelo,op5n5-04,46,,,,note,F4,F,F,0.0,4,65.0,5.0,0.125,68.5
517,..\data\scores\Corelli_Arcangelo\op5n5-04.xml,Corelli_Arcangelo,op5n5-04,46,,,,note,A4,A,A,0.0,4,69.0,9.0,0.125,68.75
518,..\data\scores\Corelli_Arcangelo\op5n5-04.xml,Corelli_Arcangelo,op5n5-04,47,,,,note,G4,G,G,0.0,4,67.0,7.0,0.125,69.0
519,..\data\scores\Corelli_Arcangelo\op5n5-04.xml,Corelli_Arcangelo,op5n5-04,47,,,,note,C#5,C#,C,1.0,5,73.0,1.0,0.125,69.25
520,..\data\scores\Corelli_Arcangelo\op5n5-04.xml,Corelli_Arcangelo,op5n5-04,47,,,,note,D5,D,D,0.0,5,74.0,2.0,0.125,69.5
521,..\data\scores\Corelli_Arcangelo\op5n5-04.xml,Corelli_Arcangelo,op5n5-04,47,,,,note,F4,F,F,0.0,4,65.0,5.0,0.125,69.75
522,..\data\scores\Corelli_Arcangelo\op5n5-04.xml,Corelli_Arcangelo,op5n5-04,47,,,,note,A3,A,A,0.0,3,57.0,9.0,0.125,70.0
523,..\data\scores\Corelli_Arcangelo\op5n5-04.xml,Corelli_Arcangelo,op5n5-04,47,,,,note,C#5,C#,C,1.0,5,73.0,1.0,0.125,70.25
524,..\data\scores\Corelli_Arcangelo\op5n5-04.xml,Corelli_Arcangelo,op5n5-04,48,,,,note,D4,D,D,0.0,4,62.0,2.0,0.75,70.5
525,..\data\scores\Corelli_Arcangelo\op5n5-04.xml,Corelli_Arcangelo,op5n5-04,49,,,,note,D5,D,D,0.0,5,74.0,2.0,0.125,72.0
526,..\data\scores\Corelli_Arcangelo\op5n5-04.xml,Corelli_Arcangelo,op5n5-04,49,,,,note,F5,F,F,0.0,5,77.0,5.0,0.125,72.25
527,..\data\scores\Corelli_Arcangelo\op5n5-04.xml,Corelli_Arcangelo,op5n5-04,49,,,,note,Bb5,Bb,B,-1.0,5,82.0,10.0,0.125,72.5
528,..\data\scores\Corelli_Arcangelo\op5n5-04.xml,Corelli_Arcangelo,op5n5-04,49,,,,note,F5,F,F,0.0,5,77.0,5.0,0.125,72.75
529,..\data\scores\Corelli_Arcangelo\op5n5-04.xml,Corelli_Arcangelo,op5n5-04,49,,,,note,D5,D,D,0.0,5,74.0,2.0,0.125,73.0
530,..\data\scores\Corelli_Arcangelo\op5n5-04.xml,Corelli_Arcangelo,op5n5-04,49,,,,note,F5,F,F,0.0,5,77.0,5.0,0.125,73.25
531,..\data\scores\Corelli_Arcangelo\op5n5-04.xml,Corelli_Arcangelo,op5n5-04,50,,,,note,A4,A,A,0.0,4,69.0,9.0,0.125,73.5
532,..\data\scores\Corelli_Arcangelo\op5n5-04.xml,Corelli_Arcangelo,op5n5-04,50,,,,note,C5,C,C,0.0,5,72.0,0.0,0.125,73.75
533,..\data\scores\Corelli_Arcangelo\op5n5-04.xml,Corelli_Arcangelo,op5n5-04,50,,,,note,F5,F,F,0.0,5,77.0,5.0,0.125,74.0
534,..\data\scores\Corelli_Arcangelo\op5n5-04.xml,Corelli_Arcangelo,op5n5-04,50,,,,note,C5,C,C,0.0,5,72.0,0.0,0.125,74.25
535,..\data\scores\Corelli_Arcangelo\op5n5-04.xml,Corelli_Arcangelo,op5n5-04,50,,,,note,A4,A,A,0.0,4,69.0,9.0,0.125,74.5
536,..\data\scores\Corelli_Arcangelo\op5n5-04.xml,Corelli_Arcangelo,op5n5-04,50,,,,note,C5,C,C,0.0,5,72.0,0.0,0.125,74.75
537,..\data\scores\Corelli_Arcangelo\op5n5-04.xml,Corelli_Arcangelo,op5n5-04,51,,,,note,Bb4,Bb,B,-1.0,4,70.0,10.0,0.125,75.0
538,..\data\scores\Corelli_Arcangelo\op5n5-04.xml,Corelli_Arcangelo,op5n5-04,51,,,,note,D5,D,D,0.0,5,74.0,2.0,0.125,75.25
539,..\data\scores\Corelli_Arcangelo\op5n5-04.xml,Corelli_Arcangelo,op5n5-04,51,,,,note,G5,G,G,0.0,5,79.0,7.0,0.125,75.5
540,..\data\scores\Corelli_Arcangelo\op5n5-04.xml,Corelli_Arcangelo,op5n5-04,51,,,,note,D5,D,D,0.0,5,74.0,2.0,0.125,75.75
541,..\data\scores\Corelli_Arcangelo\op5n5-04.xml,Corelli_Arcangelo,op5n5-04,51,,,,note,Bb4,Bb,B,-1.0,4,70.0,10.0,0.125,76.0
542,..\data\scores\Corelli_Arcangelo\op5n5-04.xml,Corelli_Arcangelo,op5n5-04,51,,,,note,D5,D,D,0.0,5,74.0,2.0,0.125,76.25
543,..\data\scores\Corelli_Arcangelo\op5n5-04.xml,Corelli_Arcangelo,op5n5-04,52,,,,note,F#4,F#,F,1.0,4,66.0,6.0,0.125,76.5
544,..\data\scores\Corelli_Arcangelo\op5n5-04.xml,Corelli_Arcangelo,op5n5-04,52,,,,note,A4,A,A,0.0,4,69.0,9.0,0.125,76.75
545,..\data\scores\Corelli_Arcangelo\op5n5-04.xml,Corelli_Arcangelo,op5n5-04,52,,,,note,D5,D,D,0.0,5,74.0,2.0,0.125,77.0
546,..\data\scores\Corelli_Arcangelo\op5n5-04.xml,Corelli_Arcangelo,op5n5-04,52,,,,note,A4,A,A,0.0,4,69.0,9.0,0.125,77.25
547,..\data\scores\Corelli_Arcangelo\op5n5-04.xml,Corelli_Arcangelo,op5n5-04,52,,,,note,F#4,F#,F,1.0,4,66.0,6.0,0.125,77.5
548,..\data\scores\Corelli_Arcangelo\op5n5-04.xml,Corelli_Arcangelo,op5n5-04,52,,,,note,A4,A,A,0.0,4,69.0,9.0,0.125,77.75
549,..\data\scores\Corelli_Arcangelo\op5n5-04.xml,Corelli_Arcangelo,op5n5-04,53,,,,note,D5,D,D,0.0,5,74.0,2.0,0.125,78.0
550,..\data\scores\Corelli_Arcangelo\op5n5-04.xml,Corelli_Arcangelo,op5n5-04,53,,,,note,G5,G,G,0.0,5,79.0,7.0,0.125,78.25
551,..\data\scores\Corelli_Arcangelo\op5n5-04.xml,Corelli_Arcangelo,op5n5-04,53,,,,note,Bb5,Bb,B,-1.0,5,82.0,10.0,0.125,78.5
552,..\data\scores\Corelli_Arcangelo\op5n5-04.xml,Corelli_Arcangelo,op5n5-04,53,,,,note,G5,G,G,0.0,5,79.0,7.0,0.125,78.75
553,..\data\scores\Corelli_Arcangelo\op5n5-04.xml,Corelli_Arcangelo,op5n5-04,53,,,,note,D5,D,D,0.0,5,74.0,2.0,0.125,79.0
554,..\data\scores\Corelli_Arcangelo\op5n5-04.xml,Corelli_Arcangelo,op5n5-04,53,,,,note,G5,G,G,0.0,5,79.0,7.0,0.125,79.25
555,..\data\scores\Corelli_Arcangelo\op5n5-04.xml,Corelli_Arcangelo,op5n5-04,54,,,,note,Eb5,Eb,E,-1.0,5,75.0,3.0,0.125,79.5
556,..\data\scores\Corelli_Arcangelo\op5n5-04.xml,Corelli_Arcangelo,op5n5-04,54,,,,note,C5,C,C,0.0,5,72.0,0.0,0.125,79.75
557,..\data\scores\Corelli_Arcangelo\op5n5-04.xml,Corelli_Arcangelo,op5n5-04,54,,,,note,D5,D,D,0.0,5,74.0,2.0,0.125,80.0
558,..\data\scores\Corelli_Arcangelo\op5n5-04.xml,Corelli_Arcangelo,op5n5-04,54,,,,note,F#4,F#,F,1.0,4,66.0,6.0,0.125,80.25
559,..\data\scores\Corelli_Arcangelo\op5n5-04.xml,Corelli_Arcangelo,op5n5-04,54,,,,note,G4,G,G,0.0,4,67.0,7.0,0.125,80.5
560,..\data\scores\Corelli_Arcangelo\op5n5-04.xml,Corelli_Arcangelo,op5n5-04,54,,,,note,D5,D,D,0.0,5,74.0,2.0,0.125,80.75
561,..\data\scores\Corelli_Arcangelo\op5n5-04.xml,Corelli_Arcangelo,op5n5-04,55,,,,note,C5,C,C,0.0,5,72.0,0.0,0.125,81.0
562,..\data\scores\Corelli_Arcangelo\op5n5-04.xml,Corelli_Arcangelo,op5n5-04,55,,,,note,Bb4,Bb,B,-1.0,4,70.0,10.0,0.125,81.25
563,..\data\scores\Corelli_Arcangelo\op5n5-04.xml,Corelli_Arcangelo,op5n5-04,55,,,,note,A4,A,A,0.0,4,69.0,9.0,0.5,81.5
564,..\data\scores\Corelli_Arcangelo\op5n5-04.xml,Corelli_Arcangelo,op5n5-04,55,,,,note,D4,D,D,0.0,4,62.0,2.0,0.5,81.5
565,..\data\scores\Corelli_Arcangelo\op5n5-04.xml,Corelli_Arcangelo,op5n5-04,56,,,,note,G5,G,G,0.0,5,79.0,7.0,0.75,82.5
566,..\data\scores\Corelli_Arcangelo\op5n5-04.xml,Corelli_Arcangelo,op5n5-04,56,,,,note,Bb4,Bb,B,-1.0,4,70.0,10.0,0.75,82.5
567,..\data\scores\Corelli_Arcangelo\op5n5-04.xml,Corelli_Arcangelo,op5n5-04,56,,,,note,G3,G,G,0.0,3,55.0,7.0,0.75,82.5
568,..\data\scores\Corelli_Arcangelo\op5n5-04.xml,Corelli_Arcangelo,op5n5-04,56,,,,note,D4,D,D,0.0,4,62.0,2.0,0.75,82.5
569,..\data\scores\Corelli_Arcangelo\op5n5-04.xml,Corelli_Arcangelo,op5n5-04,57,,,,note,D5,D,D,0.0,5,74.0,2.0,0.125,84.0
570,..\data\scores\Corelli_Arcangelo\op5n5-04.xml,Corelli_Arcangelo,op5n5-04,57,,,,note,F5,F,F,0.0,5,77.0,5.0,0.125,84.25
571,..\data\scores\Corelli_Arcangelo\op5n5-04.xml,Corelli_Arcangelo,op5n5-04,57,,,,note,Bb5,Bb,B,-1.0,5,82.0,10.0,0.125,84.5
572,..\data\scores\Corelli_Arcangelo\op5n5-04.xml,Corelli_Arcangelo,op5n5-04,57,,,,note,F5,F,F,0.0,5,77.0,5.0,0.125,84.75
573,..\data\scores\Corelli_Arcangelo\op5n5-04.xml,Corelli_Arcangelo,op5n5-04,57,,,,note,D5,D,D,0.0,5,74.0,2.0,0.125,85.0
574,..\data\scores\Corelli_Arcangelo\op5n5-04.xml,Corelli_Arcangelo,op5n5-04,57,,,,note,F5,F,F,0.0,5,77.0,5.0,0.125,85.25
575,..\data\scores\Corelli_Arcangelo\op5n5-04.xml,Corelli_Arcangelo,op5n5-04,58,,,,note,A4,A,A,0.0,4,69.0,9.0,0.125,85.5
576,..\data\scores\Corelli_Arcangelo\op5n5-04.xml,Corelli_Arcangelo,op5n5-04,58,,,,note,C5,C,C,0.0,5,72.0,0.0,0.125,85.75
577,..\data\scores\Corelli_Arcangelo\op5n5-04.xml,Corelli_Arcangelo,op5n5-04,58,,,,note,F5,F,F,0.0,5,77.0,5.0,0.125,86.0
578,..\data\scores\Corelli_Arcangelo\op5n5-04.xml,Corelli_Arcangelo,op5n5-04,58,,,,note,C5,C,C,0.0,5,72.0,0.0,0.125,86.25
579,..\data\scores\Corelli_Arcangelo\op5n5-04.xml,Corelli_Arcangelo,op5n5-04,58,,,,note,A4,A,A,0.0,4,69.0,9.0,0.125,86.5
580,..\data\scores\Corelli_Arcangelo\op5n5-04.xml,Corelli_Arcangelo,op5n5-04,58,,,,note,C5,C,C,0.0,5,72.0,0.0,0.125,86.75
581,..\data\scores\Corelli_Arcangelo\op5n5-04.xml,Corelli_Arcangelo,op5n5-04,59,,,,note,Bb4,Bb,B,-1.0,4,70.0,10.0,0.125,87.0
582,..\data\scores\Corelli_Arcangelo\op5n5-04.xml,Corelli_Arcangelo,op5n5-04,59,,,,note,D5,D,D,0.0,5,74.0,2.0,0.125,87.25
583,..\data\scores\Corelli_Arcangelo\op5n5-04.xml,Corelli_Arcangelo,op5n5-04,59,,,,note,G5,G,G,0.0,5,79.0,7.0,0.125,87.5
584,..\data\scores\Corelli_Arcangelo\op5n5-04.xml,Corelli_Arcangelo,op5n5-04,59,,,,note,D5,D,D,0.0,5,74.0,2.0,0.125,87.75
585,..\data\scores\Corelli_Arcangelo\op5n5-04.xml,Corelli_Arcangelo,op5n5-04,59,,,,note,Bb4,Bb,B,-1.0,4,70.0,10.0,0.125,88.0
586,..\data\scores\Corelli_Arcangelo\op5n5-04.xml,Corelli_Arcangelo,op5n5-04,59,,,,note,D5,D,D,0.0,5,74.0,2.0,0.125,88.25
587,..\data\scores\Corelli_Arcangelo\op5n5-04.xml,Corelli_Arcangelo,op5n5-04,60,,,,note,F#4,F#,F,1.0,4,66.0,6.0,0.125,88.5
588,..\data\scores\Corelli_Arcangelo\op5n5-04.xml,Corelli_Arcangelo,op5n5-04,60,,,,note,A4,A,A,0.0,4,69.0,9.0,0.125,88.75
589,..\data\scores\Corelli_Arcangelo\op5n5-04.xml,Corelli_Arcangelo,op5n5-04,60,,,,note,D5,D,D,0.0,5,74.0,2.0,0.125,89.0
590,..\data\scores\Corelli_Arcangelo\op5n5-04.xml,Corelli_Arcangelo,op5n5-04,60,,,,note,A4,A,A,0.0,4,69.0,9.0,0.125,89.25
591,..\data\scores\Corelli_Arcangelo\op5n5-04.xml,Corelli_Arcangelo,op5n5-04,60,,,,note,F#4,F#,F,1.0,4,66.0,6.0,0.125,89.5
592,..\data\scores\Corelli_Arcangelo\op5n5-04.xml,Corelli_Arcangelo,op5n5-04,60,,,,note,A4,A,A,0.0,4,69.0,9.0,0.125,89.75
593,..\data\scores\Corelli_Arcangelo\op5n5-04.xml,Corelli_Arcangelo,op5n5-04,61,,,,note,D5,D,D,0.0,5,74.0,2.0,0.125,90.0
594,..\data\scores\Corelli_Arcangelo\op5n5-04.xml,Corelli_Arcangelo,op5n5-04,61,,,,note,G5,G,G,0.0,5,79.0,7.0,0.125,90.25
595,..\data\scores\Corelli_Arcangelo\op5n5-04.xml,Corelli_Arcangelo,op5n5-04,61,,,,note,Bb5,Bb,B,-1.0,5,82.0,10.0,0.125,90.5
596,..\data\scores\Corelli_Arcangelo\op5n5-04.xml,Corelli_Arcangelo,op5n5-04,61,,,,note,G5,G,G,0.0,5,79.0,7.0,0.125,90.75
597,..\data\scores\Corelli_Arcangelo\op5n5-04.xml,Corelli_Arcangelo,op5n5-04,61,,,,note,D5,D,D,0.0,5,74.0,2.0,0.125,91.0
598,..\data\scores\Corelli_Arcangelo\op5n5-04.xml,Corelli_Arcangelo,op5n5-04,61,,,,note,G5,G,G,0.0,5,79.0,7.0,0.125,91.25
599,..\data\scores\Corelli_Arcangelo\op5n5-04.xml,Corelli_Arcangelo,op5n5-04,62,,,,note,Eb5,Eb,E,-1.0,5,75.0,3.0,0.125,91.5
600,..\data\scores\Corelli_Arcangelo\op5n5-04.xml,Corelli_Arcangelo,op5n5-04,62,,,,note,C5,C,C,0.0,5,72.0,0.0,0.125,91.75
601,..\data\scores\Corelli_Arcangelo\op5n5-04.xml,Corelli_Arcangelo,op5n5-04,62,,,,note,D5,D,D,0.0,5,74.0,2.0,0.125,92.0
602,..\data\scores\Corelli_Arcangelo\op5n5-04.xml,Corelli_Arcangelo,op5n5-04,62,,,,note,F#4,F#,F,1.0,4,66.0,6.0,0.125,92.25
603,..\data\scores\Corelli_Arcangelo\op5n5-04.xml,Corelli_Arcangelo,op5n5-04,62,,,,note,G4,G,G,0.0,4,67.0,7.0,0.125,92.5
604,..\data\scores\Corelli_Arcangelo\op5n5-04.xml,Corelli_Arcangelo,op5n5-04,62,,,,note,D5,D,D,0.0,5,74.0,2.0,0.125,92.75
605,..\data\scores\Corelli_Arcangelo\op5n5-04.xml,Corelli_Arcangelo,op5n5-04,63,,,,note,C5,C,C,0.0,5,72.0,0.0,0.125,93.0
606,..\data\scores\Corelli_Arcangelo\op5n5-04.xml,Corelli_Arcangelo,op5n5-04,63,,,,note,Bb4,Bb,B,-1.0,4,70.0,10.0,0.125,93.25
607,..\data\scores\Corelli_Arcangelo\op5n5-04.xml,Corelli_Arcangelo,op5n5-04,63,,,,note,A4,A,A,0.0,4,69.0,9.0,0.5,93.5
608,..\data\scores\Corelli_Arcangelo\op5n5-04.xml,Corelli_Arcangelo,op5n5-04,63,,,,note,D4,D,D,0.0,4,62.0,2.0,0.5,93.5
609,..\data\scores\Corelli_Arcangelo\op5n5-04.xml,Corelli_Arcangelo,op5n5-04,64,,,,note,Bb4,Bb,B,-1.0,4,70.0,10.0,0.75,94.5
610,..\data\scores\Corelli_Arcangelo\op5n5-04.xml,Corelli_Arcangelo,op5n5-04,64,,,,note,G5,G,G,0.0,5,79.0,7.0,0.75,94.5
611,..\data\scores\Corelli_Arcangelo\op5n5-04.xml,Corelli_Arcangelo,op5n5-04,64,,,,note,G3,G,G,0.0,3,55.0,7.0,0.75,94.5
612,..\data\scores\Corelli_Arcangelo\op5n5-04.xml,Corelli_Arcangelo,op5n5-04,64,,,,note,D4,D,D,0.0,4,62.0,2.0,0.75,94.5
613,..\data\scores\Corelli_Arcangelo\op5n5-04.xml,Corelli_Arcangelo,op5n5-04,65,,,,note,Bb5,Bb,B,-1.0,5,82.0,10.0,0.25,96.0
614,..\data\scores\Corelli_Arcangelo\op5n5-04.xml,Corelli_Arcangelo,op5n5-04,65,,,,note,G5,G,G,0.0,5,79.0,7.0,0.25,96.0
615,..\data\scores\Corelli_Arcangelo\op5n5-04.xml,Corelli_Arcangelo,op5n5-04,65,,,,note,G3,G,G,0.0,3,55.0,7.0,0.5,96.5
616,..\data\scores\Corelli_Arcangelo\op5n5-04.xml,Corelli_Arcangelo,op5n5-04,66,,,,note,F#5,F#,F,1.0,5,78.0,6.0,0.5,97.5
617,..\data\scores\Corelli_Arcangelo\op5n5-04.xml,Corelli_Arcangelo,op5n5-04,66,,,,note,A5,A,A,0.0,5,81.0,9.0,0.5,97.5
618,..\data\scores\Corelli_Arcangelo\op5n5-04.xml,Corelli_Arcangelo,op5n5-04,66,,,,rest,,,,,,,,0.25,98.5
619,..\data\scores\Corelli_Arcangelo\op5n5-04.xml,Corelli_Arcangelo,op5n5-04,67,,,,note,Bb5,Bb,B,-1.0,5,82.0,10.0,0.25,99.0
620,..\data\scores\Corelli_Arcangelo\op5n5-04.xml,Corelli_Arcangelo,op5n5-04,67,,,,note,G5,G,G,0.0,5,79.0,7.0,0.25,99.0
621,..\data\scores\Corelli_Arcangelo\op5n5-04.xml,Corelli_Arcangelo,op5n5-04,67,,,,note,G3,G,G,0.0,3,55.0,7.0,0.5,99.5
622,..\data\scores\Corelli_Arcangelo\op5n5-04.xml,Corelli_Arcangelo,op5n5-04,68,,,,note,A5,A,A,0.0,5,81.0,9.0,0.75,100.5
623,..\data\scores\Corelli_Arcangelo\op5n5-04.xml,Corelli_Arcangelo,op5n5-04,68,,,,note,C5,C,C,0.0,5,72.0,0.0,0.75,100.5
624,..\data\scores\Corelli_Arcangelo\op5n5-04.xml,Corelli_Arcangelo,op5n5-04,69,,,,note,Bb5,Bb,B,-1.0,5,82.0,10.0,0.25,102.0
625,..\data\scores\Corelli_Arcangelo\op5n5-04.xml,Corelli_Arcangelo,op5n5-04,69,,,,note,D5,D,D,0.0,5,74.0,2.0,0.25,102.0
626,..\data\scores\Corelli_Arcangelo\op5n5-04.xml,Corelli_Arcangelo,op5n5-04,69,,,,note,Bb3,Bb,B,-1.0,3,58.0,10.0,0.5,102.5
627,..\data\scores\Corelli_Arcangelo\op5n5-04.xml,Corelli_Arcangelo,op5n5-04,70,,,,note,C5,C,C,0.0,5,72.0,0.0,0.5,103.5
628,..\data\scores\Corelli_Arcangelo\op5n5-04.xml,Corelli_Arcangelo,op5n5-04,70,,,,note,A5,A,A,0.0,5,81.0,9.0,0.5,103.5
629,..\data\scores\Corelli_Arcangelo\op5n5-04.xml,Corelli_Arcangelo,op5n5-04,70,,,,rest,,,,,,,,0.25,104.5
630,..\data\scores\Corelli_Arcangelo\op5n5-04.xml,Corelli_Arcangelo,op5n5-04,71,,,,note,G5,G,G,0.0,5,79.0,7.0,0.25,105.0
631,..\data\scores\Corelli_Arcangelo\op5n5-04.xml,Corelli_Arcangelo,op5n5-04,71,,,,note,Bb4,Bb,B,-1.0,4,70.0,10.0,0.25,105.0
632,..\data\scores\Corelli_Arcangelo\op5n5-04.xml,Corelli_Arcangelo,op5n5-04,71,,,,note,G3,G,G,0.0,3,55.0,7.0,0.5,105.5
633,..\data\scores\Corelli_Arcangelo\op5n5-04.xml,Corelli_Arcangelo,op5n5-04,72,,,,note,A4,A,A,0.0,4,69.0,9.0,0.75,106.5
634,..\data\scores\Corelli_Arcangelo\op5n5-04.xml,Corelli_Arcangelo,op5n5-04,72,,,,note,F#5,F#,F,1.0,5,78.0,6.0,0.75,106.5
635,..\data\scores\Corelli_Arcangelo\op5n5-04.xml,Corelli_Arcangelo,op5n5-04,73,,,,note,A5,A,A,0.0,5,81.0,9.0,0.25,108.0
636,..\data\scores\Corelli_Arcangelo\op5n5-04.xml,Corelli_Arcangelo,op5n5-04,73,,,,note,F#5,F#,F,1.0,5,78.0,6.0,0.25,108.0
637,..\data\scores\Corelli_Arcangelo\op5n5-04.xml,Corelli_Arcangelo,op5n5-04,73,,,,note,D4,D,D,0.0,4,62.0,2.0,0.5,108.5
638,..\data\scores\Corelli_Arcangelo\op5n5-04.xml,Corelli_Arcangelo,op5n5-04,74,,,,note,Bb5,Bb,B,-1.0,5,82.0,10.0,0.5,109.5
639,..\data\scores\Corelli_Arcangelo\op5n5-04.xml,Corelli_Arcangelo,op5n5-04,74,,,,note,G5,G,G,0.0,5,79.0,7.0,0.5,109.5
640,..\data\scores\Corelli_Arcangelo\op5n5-04.xml,Corelli_Arcangelo,op5n5-04,74,,,,rest,,,,,,,,0.25,110.5
641,..\data\scores\Corelli_Arcangelo\op5n5-04.xml,Corelli_Arcangelo,op5n5-04,75,,,,note,E5,E,E,0.0,5,76.0,4.0,0.25,111.0
642,..\data\scores\Corelli_Arcangelo\op5n5-04.xml,Corelli_Arcangelo,op5n5-04,75,,,,note,G5,G,G,0.0,5,79.0,7.0,0.25,111.0
643,..\data\scores\Corelli_Arcangelo\op5n5-04.xml,Corelli_Arcangelo,op5n5-04,75,,,,note,C4,C,C,0.0,4,60.0,0.0,0.5,111.5
644,..\data\scores\Corelli_Arcangelo\op5n5-04.xml,Corelli_Arcangelo,op5n5-04,76,,,,note,A5,A,A,0.0,5,81.0,9.0,0.5,112.5
645,..\data\scores\Corelli_Arcangelo\op5n5-04.xml,Corelli_Arcangelo,op5n5-04,76,,,,note,F5,F,F,0.0,5,77.0,5.0,0.5,112.5
646,..\data\scores\Corelli_Arcangelo\op5n5-04.xml,Corelli_Arcangelo,op5n5-04,76,,,,rest,,,,,,,,0.25,113.5
647,..\data\scores\Corelli_Arcangelo\op5n5-04.xml,Corelli_Arcangelo,op5n5-04,77,,,,note,Bb5,Bb,B,-1.0,5,82.0,10.0,0.5,114.0
648,..\data\scores\Corelli_Arcangelo\op5n5-04.xml,Corelli_Arcangelo,op5n5-04,77,,,,note,D5,D,D,0.0,5,74.0,2.0,0.5,114.0
649,..\data\scores\Corelli_Arcangelo\op5n5-04.xml,Corelli_Arcangelo,op5n5-04,77,,,,rest,,,,,,,,0.25,115.0
650,..\data\scores\Corelli_Arcangelo\op5n5-04.xml,Corelli_Arcangelo,op5n5-04,78,,,,note,A5,A,A,0.0,5,81.0,9.0,0.25,115.5
651,..\data\scores\Corelli_Arcangelo\op5n5-04.xml,Corelli_Arcangelo,op5n5-04,78,,,,note,C#5,C#,C,1.0,5,73.0,1.0,0.25,115.5
652,..\data\scores\Corelli_Arcangelo\op5n5-04.xml,Corelli_Arcangelo,op5n5-04,78,,,,rest,,,,,,,,0.125,116.0
653,..\data\scores\Corelli_Arcangelo\op5n5-04.xml,Corelli_Arcangelo,op5n5-04,78,,,,note,C#5,C#,C,1.0,5,73.0,1.0,0.125,116.25
654,..\data\scores\Corelli_Arcangelo\op5n5-04.xml,Corelli_Arcangelo,op5n5-04,78,,,,note,D5,D,D,0.0,5,74.0,2.0,0.125,116.5
655,..\data\scores\Corelli_Arcangelo\op5n5-04.xml,Corelli_Arcangelo,op5n5-04,78,,,,note,A5,A,A,0.0,5,81.0,9.0,0.125,116.75
656,..\data\scores\Corelli_Arcangelo\op5n5-04.xml,Corelli_Arcangelo,op5n5-04,79,,,,note,G5,G,G,0.0,5,79.0,7.0,0.125,117.0
657,..\data\scores\Corelli_Arcangelo\op5n5-04.xml,Corelli_Arcangelo,op5n5-04,79,,,,note,F5,F,F,0.0,5,77.0,5.0,0.125,117.25
658,..\data\scores\Corelli_Arcangelo\op5n5-04.xml,Corelli_Arcangelo,op5n5-04,79,,,,note,A4,A,A,0.0,4,69.0,9.0,0.5,117.5
659,..\data\scores\Corelli_Arcangelo\op5n5-04.xml,Corelli_Arcangelo,op5n5-04,79,,,,note,E5,E,E,0.0,5,76.0,4.0,0.5,117.5
660,..\data\scores\Corelli_Arcangelo\op5n5-04.xml,Corelli_Arcangelo,op5n5-04,80,,,,note,F5,F,F,0.0,5,77.0,5.0,0.75,118.5
661,..\data\scores\Corelli_Arcangelo\op5n5-04.xml,Corelli_Arcangelo,op5n5-04,80,,,,note,A4,A,A,0.0,4,69.0,9.0,0.75,118.5
662,..\data\scores\Corelli_Arcangelo\op5n5-04.xml,Corelli_Arcangelo,op5n5-04,80,,,,note,D4,D,D,0.0,4,62.0,2.0,0.75,118.5
663,..\data\scores\Corelli_Arcangelo\op5n5-04.xml,Corelli_Arcangelo,op5n5-04,81,,,,note,D5,D,D,0.0,5,74.0,2.0,0.25,120.0
664,..\data\scores\Corelli_Arcangelo\op5n5-04.xml,Corelli_Arcangelo,op5n5-04,81,,,,note,F5,F,F,0.0,5,77.0,5.0,0.25,120.0
665,..\data\scores\Corelli_Arcangelo\op5n5-04.xml,Corelli_Arcangelo,op5n5-04,81,,,,note,Bb3,Bb,B,-1.0,3,58.0,10.0,0.5,120.5
666,..\data\scores\Corelli_Arcangelo\op5n5-04.xml,Corelli_Arcangelo,op5n5-04,82,,,,note,C5,C,C,0.0,5,72.0,0.0,0.5,121.5
667,..\data\scores\Corelli_Arcangelo\op5n5-04.xml,Corelli_Arcangelo,op5n5-04,82,,,,note,A4,A,A,0.0,4,69.0,9.0,0.5,121.5
668,..\data\scores\Corelli_Arcangelo\op5n5-04.xml,Corelli_Arcangelo,op5n5-04,82,,,,rest,,,,,,,,0.25,122.5
669,..\data\scores\Corelli_Arcangelo\op5n5-04.xml,Corelli_Arcangelo,op5n5-04,83,,,,note,Eb5,Eb,E,-1.0,5,75.0,3.0,0.25,123.0
670,..\data\scores\Corelli_Arcangelo\op5n5-04.xml,Corelli_Arcangelo,op5n5-04,83,,,,note,C5,C,C,0.0,5,72.0,0.0,0.25,123.0
671,..\data\scores\Corelli_Arcangelo\op5n5-04.xml,Corelli_Arcangelo,op5n5-04,83,,,,note,C4,C,C,0.0,4,60.0,0.0,0.5,123.5
672,..\data\scores\Corelli_Arcangelo\op5n5-04.xml,Corelli_Arcangelo,op5n5-04,84,,,,note,Bb4,Bb,B,-1.0,4,70.0,10.0,0.5,124.5
673,..\data\scores\Corelli_Arcangelo\op5n5-04.xml,Corelli_Arcangelo,op5n5-04,84,,,,note,D5,D,D,0.0,5,74.0,2.0,0.5,124.5
674,..\data\scores\Corelli_Arcangelo\op5n5-04.xml,Corelli_Arcangelo,op5n5-04,84,,,,rest,,,,,,,,0.25,125.5
675,..\data\scores\Corelli_Arcangelo\op5n5-04.xml,Corelli_Arcangelo,op5n5-04,85,,,,note,Eb5,Eb,E,-1.0,5,75.0,3.0,0.5,126.0
676,..\data\scores\Corelli_Arcangelo\op5n5-04.xml,Corelli_Arcangelo,op5n5-04,85,,,,note,G4,G,G,0.0,4,67.0,7.0,0.5,126.0
677,..\data\scores\Corelli_Arcangelo\op5n5-04.xml,Corelli_Arcangelo,op5n5-04,85,,,,rest,,,,,,,,0.25,127.0
678,..\data\scores\Corelli_Arcangelo\op5n5-04.xml,Corelli_Arcangelo,op5n5-04,86,,,,note,D5,D,D,0.0,5,74.0,2.0,0.25,127.5
679,..\data\scores\Corelli_Arcangelo\op5n5-04.xml,Corelli_Arcangelo,op5n5-04,86,,,,note,F#4,F#,F,1.0,4,66.0,6.0,0.25,127.5
680,..\data\scores\Corelli_Arcangelo\op5n5-04.xml,Corelli_Arcangelo,op5n5-04,86,,,,rest,,,,,,,,0.125,128.0
681,..\data\scores\Corelli_Arcangelo\op5n5-04.xml,Corelli_Arcangelo,op5n5-04,86,,,,note,F#5,F#,F,1.0,5,78.0,6.0,0.125,128.25
682,..\data\scores\Corelli_Arcangelo\op5n5-04.xml,Corelli_Arcangelo,op5n5-04,86,,,,note,G5,G,G,0.0,5,79.0,7.0,0.125,128.5
683,..\data\scores\Corelli_Arcangelo\op5n5-04.xml,Corelli_Arcangelo,op5n5-04,86,,,,note,D5,D,D,0.0,5,74.0,2.0,0.125,128.75
684,..\data\scores\Corelli_Arcangelo\op5n5-04.xml,Corelli_Arcangelo,op5n5-04,87,,,,note,C5,C,C,0.0,5,72.0,0.0,0.125,129.0
685,..\data\scores\Corelli_Arcangelo\op5n5-04.xml,Corelli_Arcangelo,op5n5-04,87,,,,note,Bb4,Bb,B,-1.0,4,70.0,10.0,0.125,129.25
686,..\data\scores\Corelli_Arcangelo\op5n5-04.xml,Corelli_Arcangelo,op5n5-04,87,,,,note,D4,D,D,0.0,4,62.0,2.0,0.5,129.5
687,..\data\scores\Corelli_Arcangelo\op5n5-04.xml,Corelli_Arcangelo,op5n5-04,87,,,,note,A4,A,A,0.0,4,69.0,9.0,0.5,129.5
688,..\data\scores\Corelli_Arcangelo\op5n5-04.xml,Corelli_Arcangelo,op5n5-04,88,,,,note,G5,G,G,0.0,5,79.0,7.0,0.75,130.5
689,..\data\scores\Corelli_Arcangelo\op5n5-04.xml,Corelli_Arcangelo,op5n5-04,88,,,,note,Bb4,Bb,B,-1.0,4,70.0,10.0,0.75,130.5
690,..\data\scores\Corelli_Arcangelo\op5n5-04.xml,Corelli_Arcangelo,op5n5-04,88,,,,note,D4,D,D,0.0,4,62.0,2.0,0.75,130.5
691,..\data\scores\Corelli_Arcangelo\op5n5-04.xml,Corelli_Arcangelo,op5n5-04,88,,,,note,G3,G,G,0.0,3,55.0,7.0,0.75,130.5
